Number,Transect,SITENAME,Variable,Year,Weight,%Carbon,%Hydrogen,%Nitrogen,Researcher,%OrganicC,%InorganicC
48,SRS,SRS1d,Control,2008,14.32,40.53,2.71,3.11,T. Russell,-9999,-9999
49,SRS,SRS1d,Control,2008,16.21,24.73,2.3,1.49,T. Russell,-9999,-9999
50,SRS,SRS1d,Control,2008,14.97,37.04,2.54,2.8,T. Russell,-9999,-9999
51,SRS,SRS1d,Control,2008,12.05,35.65,3.12,2.61,T. Russell,-9999,-9999
52,SRS,SRS2,Control,2008,13.82,37.44,2.75,3.27,T. Russell,-9999,-9999
53,SRS,SRS2,Control,2008,13.19,43.02,2.84,3.69,T. Russell,-9999,-9999
54,SRS,SRS2,Control,2008,14.91,43.31,2.47,3.63,T. Russell,-9999,-9999
55,SRS,SRS3,Control,2008,15.09,42.15,2.45,3.73,T. Russell,-9999,-9999
56,SRS,SRS3,Control,2008,13.34,39.71,2.74,3.55,T. Russell,-9999,-9999
57,SRS,SRS3,Control,2008,15.22,40.07,2.42,3.37,T. Russell,-9999,-9999
58,SRS,SRS4,Control,2008,14.67,35.52,2.5,2.4,T. Russell,-9999,-9999
59,SRS,SRS4,Control,2008,14.95,43.44,2.46,2.45,T. Russell,-9999,-9999
60,SRS,SRS4,Control,2008,13.89,39.08,2.63,2.46,T. Russell,-9999,-9999
61,SRS,SRS5,Control,2008,15.24,20.38,2.33,1.04,T. Russell,-9999,-9999
62,SRS,SRS5,Control,2008,15.06,19.4,2.39,1.08,T. Russell,-9999,-9999
63,SRS,SRS5,Control,2008,15.11,27.4,2.45,1.49,T. Russell,-9999,-9999
64,SRS,SRS6,Control,2008,15.27,12.51,0.95,0.5,T. Russell,-9999,-9999
65,SRS,SRS6,Control,2008,12.98,12.72,0.96,0.55,T. Russell,-9999,-9999
66,SRS,SRS6,Control,2008,13.32,12.88,0.97,0.54,T. Russell,-9999,-9999
1,TS,TS/Ph1,Control,2008,14.33,14.56,1.07,0.87,T. Russell,-9999,-9999
2,TS,TS/Ph1,Control,2008,15.28,12.29,1.43,0.87,T. Russell,-9999,-9999
3,TS,TS/Ph1,Control,2008,13.01,14.41,1.07,0.88,T. Russell,-9999,-9999
4,TS,TS/Ph1,Fe1a,2008,14.11,15.42,1.54,1.04,T. Russell,-9999,-9999
5,TS,TS/Ph1,Fe1a,2008,14.6,14.72,0.78,0.71,T. Russell,-9999,-9999
6,TS,TS/Ph1,Fe1b,2008,12.6,15.66,1.17,0.95,T. Russell,-9999,-9999
7,TS,TS/Ph1,Fe1b,2008,16.02,14.78,1.11,0.86,T. Russell,-9999,-9999
8,TS,TS/Ph1,Fe1c,2008,12.28,15.18,1.01,0.93,T. Russell,-9999,-9999
9,TS,TS/Ph1,Fe1c,2008,14.37,13.91,1.06,0.82,T. Russell,-9999,-9999
42,TS,TS/Ph10,Control,2008,14.01,12.07,0.46,0.38,T. Russell,-9999,-9999
43,TS,TS/Ph10,Control,2008,13.78,12.11,0.48,0.41,T. Russell,-9999,-9999
44,TS,TS/Ph10,Control,2008,15.28,11.95,0.5,0.4,T. Russell,-9999,-9999
45,TS,TS/Ph11,Control,2008,17.06,11.65,0.27,0.29,T. Russell,-9999,-9999
46,TS,TS/Ph11,Control,2008,13.59,11.64,0.31,0.33,T. Russell,-9999,-9999
47,TS,TS/Ph11,Control,2008,15.3,11.62,0.29,0.31,T. Russell,-9999,-9999
10,TS,TS/Ph2,Control,2008,13.33,15.2,0.74,0.7,T. Russell,-9999,-9999
11,TS,TS/Ph2,Control,2008,14.02,17.18,1.18,0.99,T. Russell,-9999,-9999
12,TS,TS/Ph2,Control,2008,12.85,15.22,0.72,0.72,T. Russell,-9999,-9999
13,TS,TS/Ph3,Control,2008,15.32,14.79,0.6,0.63,T. Russell,-9999,-9999
14,TS,TS/Ph3,Control,2008,14.19,15.76,0.79,0.75,T. Russell,-9999,-9999
15,TS,TS/Ph3,Control,2008,16.23,15.33,0.73,0.73,T. Russell,-9999,-9999
16,TS,TS/Ph4,Control,2008,15.14,14.59,0.6,0.59,T. Russell,-9999,-9999
17,TS,TS/Ph4,Control,2008,14.49,15.11,0.67,0.58,T. Russell,-9999,-9999
18,TS,TS/Ph4,Control,2008,15.88,14.16,0.51,0.52,T. Russell,-9999,-9999
19,TS,TS/Ph4,Fe1a,2008,15.69,14.54,0.6,0.59,T. Russell,-9999,-9999
20,TS,TS/Ph4,Fe1a,2008,16.01,14.6,0.59,0.59,T. Russell,-9999,-9999
21,TS,TS/Ph4,Fe1b,2008,14.24,19.96,1.91,1.27,T. Russell,-9999,-9999
22,TS,TS/Ph4,Fe1b,2008,15.71,19.35,1.93,1.21,T. Russell,-9999,-9999
23,TS,TS/Ph4,Fe1c,2008,14.91,14.74,0.66,0.61,T. Russell,-9999,-9999
24,TS,TS/Ph4,Fe1c,2008,16.33,14.28,0.6,0.55,T. Russell,-9999,-9999
25,TS,TS/Ph5,Control,2008,13.51,14.91,0.63,0.66,T. Russell,-9999,-9999
26,TS,TS/Ph5,Control,2008,13.37,14.12,0.47,0.55,T. Russell,-9999,-9999
27,TS,TS/Ph5,Control,2008,14.35,14.55,0.54,0.6,T. Russell,-9999,-9999
28,TS,TS/Ph6b,Control,2008,15.16,14.17,0.86,0.62,T. Russell,-9999,-9999
29,TS,TS/Ph6b,Control,2008,14.4,16,1.17,0.72,T. Russell,-9999,-9999
30,TS,TS/Ph6b,Control,2008,15.33,20.45,2.45,1.15,T. Russell,-9999,-9999
31,TS,TS/Ph6b,Control,2008,14.68,13.95,0.73,0.53,T. Russell,-9999,-9999
32,TS,TS/Ph7b,Control,2008,14.49,15.28,1.26,0.63,T. Russell,-9999,-9999
33,TS,TS/Ph7b,Control,2008,15.64,14.02,1.15,0.62,T. Russell,-9999,-9999
34,TS,TS/Ph7b,Control,2008,15.67,14.19,1.22,0.62,T. Russell,-9999,-9999
35,TS,TS/Ph8,Control,2008,14.65,18.09,2.24,1.11,T. Russell,-9999,-9999
36,TS,TS/Ph8,Control,2008,14.87,15.45,1.75,0.84,T. Russell,-9999,-9999
37,TS,TS/Ph8,Control,2008,13.92,20.73,2.74,1.15,T. Russell,-9999,-9999
38,TS,TS/Ph9,Control,2008,13.38,11.61,0.46,0.38,T. Russell,-9999,-9999
39,TS,TS/Ph9,Control,2008,16.03,11.66,0.44,0.35,T. Russell,-9999,-9999
40,TS,TS/Ph9,Control,2008,14.75,20.23,2.49,1.02,T. Russell,-9999,-9999
41,TS,TS/Ph9,Control,2008,13.19,10.93,0.43,0.34,T. Russell,-9999,-9999
48,SRS,SRS1d,Control,2009,12.41,33.56,3.48,2.84,T. Russell,-9999,-9999
49,SRS,SRS1d,Control,2009,12.41,36.52,3.5,3.03,T. Russell,-9999,-9999
50,SRS,SRS1d,Control,2009,14.03,34.54,3.13,2.93,T. Russell,-9999,-9999
51,SRS,SRS2,Control,2009,12.65,41.13,3.55,3.81,T. Russell,-9999,-9999
52,SRS,SRS2,Control,2009,14.1,41.25,3.13,3.37,T. Russell,-9999,-9999
53,SRS,SRS2,Control,2009,10.72,43.77,4.12,3.77,T. Russell,-9999,-9999
54,SRS,SRS3,Control,2009,15.3,42.77,2.93,3.93,T. Russell,-9999,-9999
55,SRS,SRS3,Control,2009,13.74,42.76,3.25,3.54,T. Russell,-9999,-9999
56,SRS,SRS3,Control,2009,13.38,42.76,3.32,3.79,T. Russell,-9999,-9999
57,SRS,SRS4,Control,2009,13,39.56,3.32,2.63,T. Russell,-9999,-9999
58,SRS,SRS4,Control,2009,13.38,39.61,3.14,2.83,T. Russell,-9999,-9999
59,SRS,SRS4,Control,2009,13.38,39.24,3.14,2.71,T. Russell,-9999,-9999
60,SRS,SRS5,Control,2009,12.75,28.06,3.31,1.6,T. Russell,-9999,-9999
61,SRS,SRS5,Control,2009,13.12,30.08,3.27,1.76,T. Russell,-9999,-9999
62,SRS,SRS5,Control,2009,14,28.1,3.03,1.71,T. Russell,-9999,-9999
63,SRS,SRS6,Control,2009,15.52,11.71,0.85,0.44,T. Russell,-9999,-9999
64,SRS,SRS6,Control,2009,16.37,15.88,1.72,0.74,T. Russell,-9999,-9999
65,SRS,SRS6,Control,2009,15.35,14.44,1.54,0.69,T. Russell,-9999,-9999
1,TS,TS/Ph1,Control,2009,14.66,13.57,0.72,0.64,T. Russell,-9999,-9999
2,TS,TS/Ph1,Control,2009,13.53,13.96,0.63,0.63,T. Russell,-9999,-9999
3,TS,TS/Ph1,Control,2009,13.17,14.13,0.57,0.61,T. Russell,-9999,-9999
4,TS,TS/Ph1,Fe1a,2009,15.06,14.55,0.78,0.73,T. Russell,-9999,-9999
5,TS,TS/Ph1,Fe1a,2009,14.54,14.98,0.92,0.84,T. Russell,-9999,-9999
6,TS,TS/Ph1,Fe1b,2009,14.38,14.58,0.74,0.69,T. Russell,-9999,-9999
7,TS,TS/Ph1,Fe1b,2009,15.77,14.97,1.07,0.86,T. Russell,-9999,-9999
8,TS,TS/Ph1,Fe1c,2009,14.46,14.93,1,0.83,T. Russell,-9999,-9999
9,TS,TS/Ph1,Fe1c,2009,14.53,14.26,0.64,0.66,T. Russell,-9999,-9999
42,TS,TS/Ph10,Control,2009,12.84,11.97,0.46,0.35,T. Russell,-9999,-9999
43,TS,TS/Ph10,Control,2009,10.79,11.9,0.49,0.38,T. Russell,-9999,-9999
44,TS,TS/Ph10,Control,2009,10.59,12,0.5,0.39,T. Russell,-9999,-9999
45,TS,TS/Ph11,Control,2009,13.59,11.66,0.44,0.37,T. Russell,-9999,-9999
46,TS,TS/Ph11,Control,2009,12.44,11.85,0.42,0.38,T. Russell,-9999,-9999
47,TS,TS/Ph11,Control,2009,14.05,11.78,0.44,0.4,T. Russell,-9999,-9999
10,TS,TS/Ph2,Control,2009,15.08,17.1,1.15,0.95,T. Russell,-9999,-9999
11,TS,TS/Ph2,Control,2009,15.31,15.57,0.81,0.8,T. Russell,-9999,-9999
12,TS,TS/Ph2,Control,2009,13.34,15.85,0.87,0.82,T. Russell,-9999,-9999
13,TS,TS/Ph3,Control,2009,13.07,17.46,1.15,0.95,T. Russell,-9999,-9999
14,TS,TS/Ph3,Control,2009,13.91,15.64,0.79,0.74,T. Russell,-9999,-9999
15,TS,TS/Ph3,Control,2009,13.96,17.54,1.21,0.96,T. Russell,-9999,-9999
16,TS,TS/Ph3,Control,2009,14.72,16.6,1.02,0.87,T. Russell,-9999,-9999
17,TS,TS/Ph3,Control,2009,14.99,15.73,0.79,0.7,T. Russell,-9999,-9999
18,TS,TS/Ph4,Control,2009,14.41,14.56,0.61,0.6,T. Russell,-9999,-9999
19,TS,TS/Ph4,Control,2009,14.51,14.77,0.62,0.61,T. Russell,-9999,-9999
20,TS,TS/Ph4,Control,2009,12.9,15.07,0.67,0.63,T. Russell,-9999,-9999
21,TS,TS/Ph4,Fe1a,2009,14.79,14.61,0.63,0.6,T. Russell,-9999,-9999
22,TS,TS/Ph4,Fe1a,2009,13.42,13.88,0.67,0.56,T. Russell,-9999,-9999
23,TS,TS/Ph4,Fe1b,2009,12.59,18.1,2.14,1.21,T. Russell,-9999,-9999
24,TS,TS/Ph4,Fe1b,2009,14.57,25.13,2.87,1.74,T. Russell,-9999,-9999
25,TS,TS/Ph4,Fe1c,2009,14.14,14.9,0.7,0.64,T. Russell,-9999,-9999
26,TS,TS/Ph4,Fe1c,2009,13.35,14.35,0.67,0.59,T. Russell,-9999,-9999
27,TS,TS/Ph5,Control,2009,11.41,13.63,0.39,0.48,T. Russell,-9999,-9999
28,TS,TS/Ph5,Control,2009,13.23,14.36,0.52,0.56,T. Russell,-9999,-9999
29,TS,TS/Ph5,Control,2009,13.28,15.05,0.67,0.71,T. Russell,-9999,-9999
30,TS,TS/Ph6b,Control,2009,17.48,15.54,0.9,0.61,T. Russell,-9999,-9999
31,TS,TS/Ph6b,Control,2009,14.25,13.88,0.53,0.46,T. Russell,-9999,-9999
32,TS,TS/Ph6b,Control,2009,15.2,14.58,0.66,0.53,T. Russell,-9999,-9999
33,TS,TS/Ph7b,Control,2009,15.08,13.35,0.82,0.49,T. Russell,-9999,-9999
34,TS,TS/Ph7b,Control,2009,14.26,13.86,1.07,0.62,T. Russell,-9999,-9999
35,TS,TS/Ph7b,Control,2009,12.82,13.74,0.99,0.57,T. Russell,-9999,-9999
36,TS,TS/Ph8,Control,2009,15.14,15.28,1.57,0.88,T. Russell,-9999,-9999
37,TS,TS/Ph8,Control,2009,15.01,17.56,1.98,1.06,T. Russell,-9999,-9999
38,TS,TS/Ph8,Control,2009,14.83,15.7,1.77,0.95,T. Russell,-9999,-9999
39,TS,TS/Ph9,Control,2009,18.41,11.77,0.45,0.32,T. Russell,-9999,-9999
40,TS,TS/Ph9,Control,2009,14.14,11.58,0.45,0.35,T. Russell,-9999,-9999
41,TS,TS/Ph9,Control,2009,13.21,11.81,0.46,0.35,T. Russell,-9999,-9999
46,SRS,SRS1d,Control,2010,-9999,45.39,-9999,4.11,R. Hatch,44.87,0.52
47,SRS,SRS1d,Control,2010,-9999,38.94,-9999,3.06,R. Hatch,36.98,1.96
48,SRS,SRS1d,Control,2010,-9999,35.77,-9999,2.84,R. Hatch,34.15,1.62
49,SRS,SRS1d,Control,2010,-9999,22.39,-9999,1.55,R. Hatch,14.49,7.9
50,SRS,SRS2,Control,2010,-9999,45.31,-9999,4,R. Hatch,45.03,0.28
51,SRS,SRS2,Control,2010,-9999,47.87,-9999,4.28,R. Hatch,47.63,0.24
52,SRS,SRS2,Control,2010,-9999,44.51,-9999,3.95,R. Hatch,44.17,0.34
53,SRS,SRS3,Control,2010,-9999,44.22,-9999,4.04,R. Hatch,43.74,0.48
54,SRS,SRS3,Control,2010,-9999,45.33,-9999,4.09,R. Hatch,44.74,0.59
55,SRS,SRS3,Control,2010,-9999,44.58,-9999,3.67,R. Hatch,44.08,0.5
56,SRS,SRS4,Control,2010,-9999,43.65,-9999,2.84,R. Hatch,43.1,0.55
57,SRS,SRS4,Control,2010,-9999,42.52,-9999,2.6,R. Hatch,41.91,0.61
58,SRS,SRS4,Control,2010,-9999,43.86,-9999,3.06,R. Hatch,43.29,0.57
59,SRS,SRS5,Control,2010,-9999,27.63,-9999,1.63,R. Hatch,25.59,2.04
60,SRS,SRS5,Control,2010,-9999,32,-9999,1.93,R. Hatch,31.84,0.16
61,SRS,SRS5,Control,2010,-9999,32.17,-9999,1.89,R. Hatch,31.39,0.78
62,SRS,SRS6,Control,2010,-9999,19.26,-9999,1.04,R. Hatch,14.25,5.01
63,SRS,SRS6,Control,2010,-9999,13.45,-9999,0.55,R. Hatch,7.19,6.26
64,SRS,SRS6,Control,2010,-9999,15.96,-9999,0.89,R. Hatch,11.17,4.79
1,TS,TS/Ph1,Control,2010,-9999,14.36,-9999,0.67,R. Hatch,2.96,11.4
2,TS,TS/Ph1,Control,2010,-9999,14.29,-9999,0.77,R. Hatch,4.17,10.12
3,TS,TS/Ph1,Control,2010,-9999,16.37,-9999,1.1,R. Hatch,7.46,8.91
4,TS,TS/Ph1,Fe1a,2010,-9999,14.82,-9999,0.88,R. Hatch,4.78,10.04
5,TS,TS/Ph1,Fe1a,2010,-9999,15.5,-9999,0.91,R. Hatch,5.91,9.59
6,TS,TS/Ph1,Fe1b,2010,-9999,14.87,-9999,0.8,R. Hatch,4.67,10.2
7,TS,TS/Ph1,Fe1b,2010,-9999,15.54,-9999,0.97,R. Hatch,6.59,8.95
8,TS,TS/Ph1,Fe1c,2010,-9999,16.03,-9999,0.97,R. Hatch,6.19,9.84
9,TS,TS/Ph1,Fe1c,2010,-9999,15,-9999,0.8,R. Hatch,4.23,10.77
40,TS,TS/Ph10,Control,2010,-9999,12.19,-9999,0.37,R. Hatch,2.17,10.02
41,TS,TS/Ph10,Control,2010,-9999,12.27,-9999,0.37,R. Hatch,2.28,9.99
42,TS,TS/Ph10,Control,2010,-9999,12.18,-9999,0.39,R. Hatch,2.22,9.96
43,TS,TS/Ph11,Control,2010,-9999,12.22,-9999,0.4,R. Hatch,2.34,9.88
44,TS,TS/Ph11,Control,2010,-9999,11.73,-9999,0.33,R. Hatch,0.82,10.91
45,TS,TS/Ph11,Control,2010,-9999,11.87,-9999,0.35,R. Hatch,1.3,10.57
10,TS,TS/Ph2,Control,2010,-9999,17.7,-9999,1.05,R. Hatch,7.4,10.3
11,TS,TS/Ph2,Control,2010,-9999,15.59,-9999,0.73,R. Hatch,4.81,10.78
12,TS,TS/Ph2,Control,2010,-9999,16.06,-9999,0.82,R. Hatch,5.3,10.76
13,TS,TS/Ph3,Control,2010,-9999,17.02,-9999,0.86,R. Hatch,6.26,10.76
14,TS,TS/Ph3,Control,2010,-9999,16.25,-9999,0.87,R. Hatch,5.46,10.79
15,TS,TS/Ph3,Control,2010,-9999,17.1,-9999,0.93,R. Hatch,6.79,10.31
16,TS,TS/Ph4,Control,2010,-9999,15.51,-9999,0.7,R. Hatch,4.58,10.93
17,TS,TS/Ph4,Control,2010,-9999,15.45,-9999,0.68,R. Hatch,4.4,11.05
18,TS,TS/Ph4,Control,2010,-9999,14.71,-9999,0.6,R. Hatch,3.4,11.31
19,TS,TS/Ph4,Fe1a,2010,-9999,14.8,-9999,0.59,R. Hatch,3.54,11.26
20,TS,TS/Ph4,Fe1a,2010,-9999,14.76,-9999,0.66,R. Hatch,3.67,11.09
21,TS,TS/Ph4,Fe1b,2010,-9999,14.56,-9999,0.59,R. Hatch,3.33,11.23
22,TS,TS/Ph4,Fe1b,2010,-9999,15.74,-9999,0.69,R. Hatch,5.34,10.4
23,TS,TS/Ph4,Fe1c,2010,-9999,29.34,-9999,2.09,R. Hatch,23.53,5.81
24,TS,TS/Ph4,Fe1c,2010,-9999,32.05,-9999,2.37,R. Hatch,27.23,4.82
25,TS,TS/Ph5,Control,2010,-9999,14.33,-9999,0.6,R. Hatch,2.8,11.53
26,TS,TS/Ph5,Control,2010,-9999,15.09,-9999,0.68,R. Hatch,4.08,11.01
27,TS,TS/Ph5,Control,2010,-9999,14.44,-9999,0.64,R. Hatch,2.9,11.54
28,TS,TS/Ph6b,Control,2010,-9999,20.3,-9999,1.01,R. Hatch,12.19,8.11
29,TS,TS/Ph6b,Control,2010,-9999,15.18,-9999,0.63,R. Hatch,4.93,10.25
30,TS,TS/Ph6b,Control,2010,-9999,15.15,-9999,0.64,R. Hatch,4.78,10.37
31,TS,TS/Ph7b,Control,2010,-9999,17.38,-9999,0.88,R. Hatch,10.63,6.75
32,TS,TS/Ph7b,Control,2010,-9999,15.73,-9999,0.8,R. Hatch,8.52,7.21
33,TS,TS/Ph7b,Control,2010,-9999,16.67,-9999,0.8,R. Hatch,9.13,7.54
34,TS,TS/Ph8,Control,2010,-9999,18.08,-9999,1.22,R. Hatch,12.39,5.69
35,TS,TS/Ph8,Control,2010,-9999,18.79,-9999,1.2,R. Hatch,13.26,5.53
36,TS,TS/Ph8,Control,2010,-9999,16.88,-9999,0.97,R. Hatch,10.39,6.49
37,TS,TS/Ph9,Control,2010,-9999,13.02,-9999,0.53,R. Hatch,3.72,9.3
38,TS,TS/Ph9,Control,2010,-9999,12.84,-9999,0.5,R. Hatch,3.37,9.47
39,TS,TS/Ph9,Control,2010,-9999,12.84,-9999,0.52,R. Hatch,3.59,9.25
50,SRS,SRS2,Control,2011,-9999,39.07,4.84,3.14,D. Katsaros,-9999,-9999
51,SRS,SRS2,Control,2011,-9999,39.21,4.99,3.12,D. Katsaros,-9999,-9999
52,SRS,SRS2,Control,2011,-9999,37.01,4.87,2.96,D. Katsaros,-9999,-9999
53,SRS,SRS3,Control,2011,-9999,42.22,5.62,3.38,D. Katsaros,-9999,-9999
54,SRS,SRS3,Control,2011,-9999,42.14,5.57,3.48,D. Katsaros,-9999,-9999
55,SRS,SRS3,Control,2011,-9999,42.83,5.91,3.75,D. Katsaros,-9999,-9999
56,SRS,SRS4,Control,2011,-9999,39.47,5.24,2.66,D. Katsaros,-9999,-9999
57,SRS,SRS4,Control,2011,-9999,37.96,4.66,2.69,D. Katsaros,-9999,-9999
58,SRS,SRS4,Control,2011,-9999,38.65,5.21,2.74,D. Katsaros,-9999,-9999
59,SRS,SRS5,Control,2011,-9999,21.29,2.6,1.31,D. Katsaros,-9999,-9999
60,SRS,SRS5,Control,2011,-9999,15.23,1.57,0.96,D. Katsaros,-9999,-9999
61,SRS,SRS5,Control,2011,-9999,19.62,2.18,1.16,D. Katsaros,-9999,-9999
62,SRS,SRS6,Control,2011,-9999,19.57,2.5,1.47,D. Katsaros,-9999,-9999
63,SRS,SRS6,Control,2011,-9999,21.19,2.02,1.69,D. Katsaros,-9999,-9999
64,SRS,SRS6,Control,2011,-9999,13.17,0.98,0.74,D. Katsaros,-9999,-9999
7,TS,TS/Ph1,Control,2011,-9999,13.84,0.32,0.89,D. Katsaros,-9999,-9999
8,TS,TS/Ph1,Control,2011,-9999,11.69,0.39,0.66,D. Katsaros,-9999,-9999
9,TS,TS/Ph1,Control,2011,-9999,14.73,0.87,0.87,D. Katsaros,-9999,-9999
1,TS,TS/Ph1,Fe1a,2011,-9999,12.13,2.62,0.86,D. Katsaros,-9999,-9999
2,TS,TS/Ph1,Fe1a,2011,-9999,10.89,3.63,0.74,D. Katsaros,-9999,-9999
3,TS,TS/Ph1,Fe1b,2011,-9999,13.12,1.31,0.79,D. Katsaros,-9999,-9999
4,TS,TS/Ph1,Fe1b,2011,-9999,11.32,2.3,0.73,D. Katsaros,-9999,-9999
5,TS,TS/Ph1,Fe1c,2011,-9999,11.48,1.49,0.78,D. Katsaros,-9999,-9999
6,TS,TS/Ph1,Fe1c,2011,-9999,11.97,0.54,0.94,D. Katsaros,-9999,-9999
41,TS,TS/Ph10,Control,2011,-9999,12.1,0.38,0.64,D. Katsaros,-9999,-9999
42,TS,TS/Ph10,Control,2011,-9999,12.31,0.02,1.11,D. Katsaros,-9999,-9999
43,TS,TS/Ph10,Control,2011,-9999,12.13,0.43,0.48,D. Katsaros,-9999,-9999
44,TS,TS/Ph11,Control,2011,-9999,12,0.32,0.67,D. Katsaros,-9999,-9999
45,TS,TS/Ph11,Control,2011,-9999,11.9,0.35,0.66,D. Katsaros,-9999,-9999
46,TS,TS/Ph11,Control,2011,-9999,12.12,0.37,0.73,D. Katsaros,-9999,-9999
10,TS,TS/Ph2,Control,2011,-9999,15.38,0.7,0.95,D. Katsaros,-9999,-9999
11,TS,TS/Ph2,Control,2011,-9999,15.11,0.57,0.89,D. Katsaros,-9999,-9999
12,TS,TS/Ph2,Control,2011,-9999,15.19,0.74,0.8,D. Katsaros,-9999,-9999
13,TS,TS/Ph3,Control,2011,-9999,18.45,1.18,1.25,D. Katsaros,-9999,-9999
14,TS,TS/Ph3,Control,2011,-9999,16.75,0.58,1.06,D. Katsaros,-9999,-9999
15,TS,TS/Ph3,Control,2011,-9999,16.38,0.6,0.97,D. Katsaros,-9999,-9999
22,TS,TS/Ph4,Control,2011,-9999,14.85,0.49,0.8,D. Katsaros,-9999,-9999
23,TS,TS/Ph4,Control,2011,-9999,15.13,0.61,0.75,D. Katsaros,-9999,-9999
24,TS,TS/Ph4,Control,2011,-9999,15.3,0.51,0.91,D. Katsaros,-9999,-9999
16,TS,TS/Ph4,Fe4a,2011,-9999,14.77,0.28,0.86,D. Katsaros,-9999,-9999
17,TS,TS/Ph4,Fe4a,2011,-9999,14.55,0.46,0.83,D. Katsaros,-9999,-9999
18,TS,TS/Ph4,FE4b,2011,-9999,23.99,1.75,1.82,D. Katsaros,-9999,-9999
19,TS,TS/Ph4,Fe4b,2011,-9999,27.26,2.2,2.07,D. Katsaros,-9999,-9999
20,TS,TS/Ph4,Fe4c,2011,-9999,14.96,0.55,0.75,D. Katsaros,-9999,-9999
21,TS,TS/Ph4,Fe4c,2011,-9999,14.62,0.51,0.72,D. Katsaros,-9999,-9999
25,TS,TS/Ph5,Control,2011,-9999,14.21,0.42,0.68,D. Katsaros,-9999,-9999
26,TS,TS/Ph5,Control,2011,-9999,15.83,0.49,1.07,D. Katsaros,-9999,-9999
27,TS,TS/Ph5,Control,2011,-9999,14.81,0.53,0.82,D. Katsaros,-9999,-9999
28,TS,TS/Ph6b,Control,2011,-9999,13.53,0.29,0.74,D. Katsaros,-9999,-9999
29,TS,TS/Ph6b,Control,2011,-9999,17.61,1.35,1.08,D. Katsaros,-9999,-9999
30,TS,TS/Ph6b,Control,2011,-9999,20.04,2.03,1.44,D. Katsaros,-9999,-9999
31,TS,TS/Ph6b,Control,2011,-9999,15.42,0.98,0.86,D. Katsaros,-9999,-9999
32,TS,TS/Ph7b,Control,2011,-9999,15.48,1.27,0.81,D. Katsaros,-9999,-9999
33,TS,TS/Ph7b,Control,2011,-9999,14.46,1.05,0.76,D. Katsaros,-9999,-9999
34,TS,TS/Ph7b,Control,2011,-9999,14.92,0.98,0.93,D. Katsaros,-9999,-9999
35,TS,TS/Ph8,Control,2011,-9999,16.66,1.66,1.12,D. Katsaros,-9999,-9999
36,TS,TS/Ph8,Control,2011,-9999,16.5,1.59,1.32,D. Katsaros,-9999,-9999
37,TS,TS/Ph8,Control,2011,-9999,15.69,1.26,1.11,D. Katsaros,-9999,-9999
38,TS,TS/Ph9,Control,2011,-9999,12.42,0.38,0.71,D. Katsaros,-9999,-9999
39,TS,TS/Ph9,Control,2011,-9999,12.36,0.37,0.73,D. Katsaros,-9999,-9999
40,TS,TS/Ph9,Control,2011,-9999,12.12,0.58,0.54,D. Katsaros,-9999,-9999
47,SRS,SRS1d,Control,2012,8.82,23.08,1.94,1.62,R.Chambers,-9999,-9999
48,SRS,SRS1d,Control,2012,13.47,23.62,2.33,1.69,R.Chambers,-9999,-9999
49,SRS,SRS1d,Control,2012,9.92,41.28,4.65,3.54,R.Chambers,-9999,-9999
50,SRS,SRS2,Control,2012,6.62,43.05,6,3.65,R.Chambers,-9999,-9999
51,SRS,SRS2,Control,2012,6.87,43.53,6.02,3.83,R.Chambers,-9999,-9999
52,SRS,SRS2,Control,2012,7.81,44.39,5.83,3.92,R.Chambers,-9999,-9999
53,SRS,SRS3,Control,2012,7.74,43.99,5.84,3.61,R.Chambers,-9999,-9999
54,SRS,SRS3,Control,2012,8.6,45.14,5.37,3.96,R.Chambers,-9999,-9999
55,SRS,SRS3,Control,2012,7.06,44.24,5.92,3.86,R.Chambers,-9999,-9999
56,SRS,SRS4,Control,2012,8.42,41.6,5.43,2.7,R.Chambers,-9999,-9999
57,SRS,SRS4,Control,2012,9.21,41.83,4.98,2.66,R.Chambers,-9999,-9999
58,SRS,SRS4,Control,2012,8.63,42.42,5.14,2.75,R.Chambers,-9999,-9999
59,SRS,SRS4,Control,2012,7.98,41.97,5.23,2.71,R.Chambers,-9999,-9999
60,SRS,SRS5,Control,2012,9.91,27.55,3.3,1.61,R.Chambers,-9999,-9999
61,SRS,SRS5,Control,2012,7.66,24.38,2.91,1.38,R.Chambers,-9999,-9999
62,SRS,SRS5,Control,2012,12.16,28.95,3.62,1.87,R.Chambers,-9999,-9999
63,SRS,SRS6,Control,2012,11.98,18.13,1.98,1.01,R.Chambers,-9999,-9999
64,SRS,SRS6,Control,2012,16.5,15.94,1.6,0.81,R.Chambers,-9999,-9999
65,SRS,SRS6,Control,2012,15.87,14.98,1.38,0.72,R.Chambers,-9999,-9999
1,TS,TS/Ph1,Control,2012,10.83,15.87,0.76,0.98,R.Chambers,-9999,-9999
2,TS,TS/Ph1,Control,2012,9.86,13.91,0.86,0.84,R.Chambers,-9999,-9999
3,TS,TS/Ph1,Control,2012,12.68,15.08,0.75,0.91,R.Chambers,-9999,-9999
4,TS,TS/Ph1,Fe1a,2012,8.86,13.35,1.04,0.91,R.Chambers,-9999,-9999
5,TS,TS/Ph1,Fe1a,2012,11.03,14.74,0.91,0.95,R.Chambers,-9999,-9999
6,TS,TS/Ph1,Fe1b,2012,16.66,18.94,1.64,1.28,R.Chambers,-9999,-9999
7,TS,TS/Ph1,Fe1b,2012,14.71,15.81,1.15,0.99,R.Chambers,-9999,-9999
8,TS,TS/Ph1,Fe1c,2012,12.77,14.41,0.66,0.73,R.Chambers,-9999,-9999
9,TS,TS/Ph1,Fe1c,2012,21.05,14.29,0.72,0.72,R.Chambers,-9999,-9999
10,TS,TS/Ph1,Fe1c,2012,14.05,15.52,0.86,0.87,R.Chambers,-9999,-9999
41,TS,TS/Ph10,Control,2012,20.08,11.97,0.35,0.37,R.Chambers,-9999,-9999
42,TS,TS/Ph10,Control,2012,23.96,11.97,0.37,0.35,R.Chambers,-9999,-9999
43,TS,TS/Ph10,Control,2012,14.89,12.09,0.33,0.38,R.Chambers,-9999,-9999
44,TS,TS/Ph11,Control,2012,14.96,12.14,0.49,0.48,R.Chambers,-9999,-9999
45,TS,TS/Ph11,Control,2012,18.51,11.81,0.34,0.39,R.Chambers,-9999,-9999
46,TS,TS/Ph11,Control,2012,15.04,11.65,0.15,0.3,R.Chambers,-9999,-9999
11,TS,TS/Ph2,Control,2012,9.62,14.15,0.37,0.62,R.Chambers,-9999,-9999
12,TS,TS/Ph2,Control,2012,10.41,14.53,0.44,0.66,R.Chambers,-9999,-9999
13,TS,TS/Ph2,Control,2012,9.35,14.53,0.47,0.67,R.Chambers,-9999,-9999
14,TS,TS/Ph3,Control,2012,11.86,15.33,0.59,0.71,R.Chambers,-9999,-9999
15,TS,TS/Ph3,Control,2012,13.44,17.69,1.14,1.04,R.Chambers,-9999,-9999
16,TS,TS/Ph3,Control,2012,7.03,15.48,0.52,0.75,R.Chambers,-9999,-9999
17,TS,TS/Ph4,Control,2012,9.92,14.13,0.36,0.55,R.Chambers,-9999,-9999
18,TS,TS/Ph4,Control,2012,13.05,14.71,0.53,0.65,R.Chambers,-9999,-9999
19,TS,TS/Ph4,Control,2012,11.07,15.14,0.56,0.67,R.Chambers,-9999,-9999
20,TS,TS/Ph4,Fe1a,2012,10,15.32,0.57,0.64,R.Chambers,-9999,-9999
21,TS,TS/Ph4,Fe1a,2012,9.69,15.29,0.56,0.69,R.Chambers,-9999,-9999
22,TS,TS/Ph4,Fe1b,2012,9.13,14.31,0.42,0.59,R.Chambers,-9999,-9999
23,TS,TS/Ph4,Fe1b,2012,7.83,14.48,0.36,0.6,R.Chambers,-9999,-9999
24,TS,TS/Ph4,Fe1c,2012,9.15,27.42,2.78,2.08,R.Chambers,-9999,-9999
25,TS,TS/Ph4,Fe1c,2012,7.43,17.97,1.63,1.11,R.Chambers,-9999,-9999
26,TS,TS/Ph5,Control,2012,7.01,14.36,0.31,0.63,R.Chambers,-9999,-9999
27,TS,TS/Ph5,Control,2012,11.66,14.56,0.45,0.62,R.Chambers,-9999,-9999
28,TS,TS/Ph5,Control,2012,6.2,14.71,0.3,0.64,R.Chambers,-9999,-9999
29,TS,TS/Ph6b,Control,2012,10.53,16.55,0.84,0.74,R.Chambers,-9999,-9999
30,TS,TS/Ph6b,Control,2012,7.27,15.15,0.52,0.64,R.Chambers,-9999,-9999
31,TS,TS/Ph6b,Control,2012,17.22,13.77,0.4,0.48,R.Chambers,-9999,-9999
32,TS,TS/Ph7b,Control,2012,11.99,18.02,1.54,0.92,R.Chambers,-9999,-9999
33,TS,TS/Ph7b,Control,2012,11.03,16.59,1.27,0.76,R.Chambers,-9999,-9999
34,TS,TS/Ph7b,Control,2012,15.85,16.13,1.4,0.78,R.Chambers,-9999,-9999
35,TS,TS/Ph8,Control,2012,16.04,24.63,2.84,1.6,R.Chambers,-9999,-9999
36,TS,TS/Ph8,Control,2012,9.18,19.17,2.01,1.13,R.Chambers,-9999,-9999
37,TS,TS/Ph8,Control,2012,11.37,20.75,2.31,1.23,R.Chambers,-9999,-9999
38,TS,TS/Ph9,Control,2012,32.44,11.9,0.43,0.38,R.Chambers,-9999,-9999
39,TS,TS/Ph9,Control,2012,13.46,12.54,0.44,0.48,R.Chambers,-9999,-9999
40,TS,TS/Ph9,Control,2012,17.24,12.62,0.48,0.48,R.Chambers,-9999,-9999
37,SRS,SRS1d,Control,2013,9.6,19.29,1.4,1.14,T. Russell,-9999,-9999
38,SRS,SRS1d,Control,2013,14.66,32.29,3.12,2.54,T. Russell,-9999,-9999
39,SRS,SRS1d,Control,2013,11.1,30.35,3.45,2.33,T. Russell,-9999,-9999
40,SRS,SRS1d,Control,2013,15.44,40.97,3.07,3.45,T. Russell,-9999,-9999
41,SRS,SRS2,Control,2013,14.86,44.94,3.28,3.74,T. Russell,-9999,-9999
42,SRS,SRS2,Control,2013,12.2,44.24,3.81,3.89,T. Russell,-9999,-9999
43,SRS,SRS2,Control,2013,11.07,45.99,4.14,4.12,T. Russell,-9999,-9999
44,SRS,SRS3,Control,2013,14.14,45.74,3.35,4.13,T. Russell,-9999,-9999
45,SRS,SRS3,Control,2013,13.52,45.65,3.47,4.06,T. Russell,-9999,-9999
46,SRS,SRS3,Control,2013,13.85,43.93,3.38,3.86,T. Russell,-9999,-9999
47,SRS,SRS4,Control,2013,12.64,40.03,3.61,2.67,T. Russell,-9999,-9999
48,SRS,SRS4,Control,2013,12.74,45.2,3.58,2.81,T. Russell,-9999,-9999
49,SRS,SRS4,Control,2013,14.32,42.1,3.22,2.7,T. Russell,-9999,-9999
50,SRS,SRS5,Control,2013,12.19,30.52,3.76,1.86,T. Russell,-9999,-9999
51,SRS,SRS5,Control,2013,13.76,22.46,2.67,1.37,T. Russell,-9999,-9999
52,SRS,SRS5,Control,2013,14.03,21.81,2.61,1.24,T. Russell,-9999,-9999
53,SRS,SRS6,Control,2013,14.13,14.64,1.39,0.72,T. Russell,-9999,-9999
54,SRS,SRS6,Control,2013,13.57,16.19,1.63,0.86,T. Russell,-9999,-9999
55,SRS,SRS6,Control,2013,15.89,15.06,1.45,0.8,T. Russell,-9999,-9999
1,TS,TS/Ph1,Control,2013,12.69,15.69,1,1.02,T. Russell,-9999,-9999
2,TS,TS/Ph1,Control,2013,11.35,13.68,0.78,0.73,T. Russell,-9999,-9999
3,TS,TS/Ph1,Control,2013,10.52,13.99,0.83,0.84,T. Russell,-9999,-9999
30,TS,TS/Ph10,Control,2013,11.32,12.2,0.43,0.46,T. Russell,-9999,-9999
31,TS,TS/Ph10,Control,2013,15.32,11.9,0.42,0.4,T. Russell,-9999,-9999
33,TS,TS/Ph10,Control,2013,15.33,12.21,0.43,0.43,T. Russell,-9999,-9999
34,TS,TS/Ph11,Control,2013,13.76,12.29,0.54,0.51,T. Russell,-9999,-9999
35,TS,TS/Ph11,Control,2013,11.35,12.27,0.48,0.51,T. Russell,-9999,-9999
36,TS,TS/Ph11,Control,2013,15.19,11.13,0.4,0.41,T. Russell,-9999,-9999
4,TS,TS/Ph2,Control,2013,10.54,14.75,0.59,0.7,T. Russell,-9999,-9999
5,TS,TS/Ph2,Control,2013,11.18,14.44,0.51,0.65,T. Russell,-9999,-9999
6,TS,TS/Ph2,Control,2013,15.47,15.33,0.72,0.74,T. Russell,-9999,-9999
7,TS,TS/Ph3,Control,2013,11.74,18.14,1.18,1.05,T. Russell,-9999,-9999
8,TS,TS/Ph3,Control,2013,11.77,14.53,0.51,0.64,T. Russell,-9999,-9999
9,TS,TS/Ph3,Control,2013,13.42,16.15,0.9,0.9,T. Russell,-9999,-9999
10,TS,TS/Ph4,Control,2013,9.85,15.1,0.66,0.7,T. Russell,-9999,-9999
11,TS,TS/Ph4,Control,2013,13.26,15.04,0.66,0.7,T. Russell,-9999,-9999
12,TS,TS/Ph4,Control,2013,14.32,14.94,0.7,0.69,T. Russell,-9999,-9999
13,TS,TS/Ph5,Control,2013,12.93,14.99,0.74,0.71,T. Russell,-9999,-9999
14,TS,TS/Ph5,Control,2013,9.04,12.85,1.55,0.62,T. Russell,-9999,-9999
15,TS,TS/Ph5,Control,2013,11.43,14.66,0.71,0.7,T. Russell,-9999,-9999
16,TS,TS/Ph6b,Control,2013,11.82,12.96,0.55,0.45,T. Russell,-9999,-9999
17,TS,TS/Ph6b,Control,2013,13.29,29.9,3.26,1.59,T. Russell,-9999,-9999
18,TS,TS/Ph6b,Control,2013,13.26,14.82,0.69,0.61,T. Russell,-9999,-9999
19,TS,TS/Ph6b,Control,2013,14.25,17.23,1.17,0.83,T. Russell,-9999,-9999
20,TS,TS/Ph6b,Control,2013,15.02,14.27,0.53,0.55,T. Russell,-9999,-9999
21,TS,TS/Ph7b,Control,2013,12.95,17.75,1.41,0.94,T. Russell,-9999,-9999
22,TS,TS/Ph7b,Control,2013,10.77,14.6,0.96,0.73,T. Russell,-9999,-9999
23,TS,TS/Ph7b,Control,2013,13.46,14.39,0.89,0.66,T. Russell,-9999,-9999
24,TS,TS/Ph8,Control,2013,11.71,23.33,2.58,1.56,T. Russell,-9999,-9999
25,TS,TS/Ph8,Control,2013,16.8,23.06,2.62,1.51,T. Russell,-9999,-9999
26,TS,TS/Ph8,Control,2013,14.6,22.53,2.58,1.44,T. Russell,-9999,-9999
27,TS,TS/Ph9,Control,2013,13.7,12.29,0.47,0.47,T. Russell,-9999,-9999
28,TS,TS/Ph9,Control,2013,15.44,12.29,0.47,0.46,T. Russell,-9999,-9999
29,TS,TS/Ph9,Control,2013,14.5,12.81,0.54,0.52,T. Russell,-9999,-9999
35,SRS,SRS1d,Control,2014,14.71,22.04,1.82,1.27,T. Russell,-9999,-9999
36,SRS,SRS1d,Control,2014,14.35,24.06,2.6,1.73,T. Russell,-9999,-9999
37,SRS,SRS1d,Control,2014,14.39,28.05,3.59,2.37,T. Russell,-9999,-9999
38,SRS,SRS1d,Control,2014,14.08,29.23,3.54,2.53,T. Russell,-9999,-9999
39,SRS,SRS2,Control,2014,14.74,32.12,3.36,3.02,T. Russell,-9999,-9999
40,SRS,SRS2,Control,2014,14.84,32.74,3.35,3.02,T. Russell,-9999,-9999
41,SRS,SRS2,Control,2014,14,32,3.35,2.77,T. Russell,-9999,-9999
42,SRS,SRS3,Control,2014,14.4,35.19,3.29,2.65,T. Russell,-9999,-9999
43,SRS,SRS3,Control,2014,15.88,37.18,3.13,3.22,T. Russell,-9999,-9999
44,SRS,SRS3,Control,2014,14.25,45.83,3.37,3.91,T. Russell,-9999,-9999
45,SRS,SRS4,Control,2014,14.98,43.42,3.35,2.89,T. Russell,-9999,-9999
46,SRS,SRS4,Control,2014,15.11,42.28,3.24,2.67,T. Russell,-9999,-9999
47,SRS,SRS4,Control,2014,15.06,44.01,3.26,2.82,T. Russell,-9999,-9999
48,SRS,SRS5,Control,2014,14.7,23.22,2.88,1.31,T. Russell,-9999,-9999
49,SRS,SRS5,Control,2014,14.71,29.41,3.47,1.7,T. Russell,-9999,-9999
50,SRS,SRS5,Control,2014,15.15,29.82,3.68,1.69,T. Russell,-9999,-9999
51,SRS,SRS5,Control,2014,14.96,19.58,2.26,1.06,T. Russell,-9999,-9999
52,SRS,SRS6,Control,2014,14.88,16.52,1.81,0.91,T. Russell,-9999,-9999
53,SRS,SRS6,Control,2014,14.92,16.58,1.84,0.89,T. Russell,-9999,-9999
54,SRS,SRS6,Control,2014,14.87,14.12,1.29,0.66,T. Russell,-9999,-9999
55,SRS,SRS6,Control,2014,15.19,14.3,1.36,0.68,T. Russell,-9999,-9999
1,TS,TS/Ph1,Control,2014,14.86,14.21,0.5,0.5,T. Russell,-9999,-9999
2,TS,TS/Ph1,Control,2014,14.6,16.29,1.96,1.61,T. Russell,-9999,-9999
3,TS,TS/Ph1,Control,2014,14.91,14.66,0.47,0.55,T. Russell,-9999,-9999
29,TS,TS/Ph10,Control,2014,12,12.06,0.4,0.4,T. Russell,-9999,-9999
30,TS,TS/Ph10,Control,2014,12.56,12.24,0.46,0.42,T. Russell,-9999,-9999
31,TS,TS/Ph10,Control,2014,14.76,12.15,0.41,0.39,T. Russell,-9999,-9999
32,TS,TS/Ph11,Control,2014,15.02,12.06,0.33,0.35,T. Russell,-9999,-9999
33,TS,TS/Ph11,Control,2014,14.76,11.65,0.13,0.28,T. Russell,-9999,-9999
34,TS,TS/Ph11,Control,2014,14.69,11.99,0.34,0.39,T. Russell,-9999,-9999
4,TS,TS/Ph2,Control,2014,14.64,15.8,1.34,0.81,T. Russell,-9999,-9999
5,TS,TS/Ph2,Control,2014,13.04,14.46,1.07,0.75,T. Russell,-9999,-9999
6,TS,TS/Ph2,Control,2014,15.01,14.84,0.64,0.33,T. Russell,-9999,-9999
7,TS,TS/Ph3,Control,2014,14.76,24.11,2.35,1.47,T. Russell,-9999,-9999
8,TS,TS/Ph3,Control,2014,14.01,20.97,1.9,0.76,T. Russell,-9999,-9999
9,TS,TS/Ph3,Control,2014,15.12,19.77,1.56,0.83,T. Russell,-9999,-9999
10,TS,TS/Ph4,Control,2014,14.21,14.88,0.76,0.47,T. Russell,-9999,-9999
11,TS,TS/Ph4,Control,2014,15.02,15.89,0.84,0.74,T. Russell,-9999,-9999
12,TS,TS/Ph4,Control,2014,14.92,15,0.66,0.16,T. Russell,-9999,-9999
13,TS,TS/Ph5,Control,2014,16.2,19.38,2.15,0.41,T. Russell,-9999,-9999
14,TS,TS/Ph5,Control,2014,14.96,15.9,0.66,0.68,T. Russell,-9999,-9999
15,TS,TS/Ph5,Control,2014,14.33,16.52,0.42,0.86,T. Russell,-9999,-9999
16,TS,TS/Ph5,Control,2014,15.09,16.64,0.82,1.1,T. Russell,-9999,-9999
17,TS,TS/Ph6b,Control,2014,14.69,14.64,0.52,0.35,T. Russell,-9999,-9999
18,TS,TS/Ph6b,Control,2014,14.76,15.56,0.62,0.71,T. Russell,-9999,-9999
19,TS,TS/Ph6b,Control,2014,15.14,15.36,0.68,0.77,T. Russell,-9999,-9999
20,TS,TS/Ph7b,Control,2014,14.94,18.12,3.11,0.5,T. Russell,-9999,-9999
21,TS,TS/Ph7b,Control,2014,15.07,15.65,1.29,0.69,T. Russell,-9999,-9999
22,TS,TS/Ph7b,Control,2014,14.87,16.58,1.46,0.8,T. Russell,-9999,-9999
23,TS,TS/Ph8,Control,2014,14.97,23.4,2.87,1.48,T. Russell,-9999,-9999
24,TS,TS/Ph8,Control,2014,14.62,18.29,2.21,1.17,T. Russell,-9999,-9999
25,TS,TS/Ph8,Control,2014,14.63,20.96,2.6,1.3,T. Russell,-9999,-9999
26,TS,TS/Ph9,Control,2014,13.86,11.93,0.39,0.37,T. Russell,-9999,-9999
27,TS,TS/Ph9,Control,2014,13,13.98,0.46,0.47,T. Russell,-9999,-9999
28,TS,TS/Ph9,Control,2014,14.9,10.72,0.4,0.39,T. Russell,-9999,-9999
35,SRS,SRS1d,Control,2015,14.22,18.47,1.33,1.03,T. Russell,-9999,-9999
36,SRS,SRS1d,Control,2015,13.79,26.62,2.15,1.99,T. Russell,-9999,-9999
37,SRS,SRS1d,Control,2015,13.89,36.97,2.1,3.14,T. Russell,-9999,-9999
38,SRS,SRS1d,Control,2015,12.8,43.03,2.22,3.62,T. Russell,-9999,-9999
39,SRS,SRS2,Control,2015,13.21,40.74,2.18,3.69,T. Russell,-9999,-9999
40,SRS,SRS2,Control,2015,13.48,42.11,2.13,3.81,T. Russell,-9999,-9999
41,SRS,SRS2,Control,2015,12.52,34.37,2.29,3.03,T. Russell,-9999,-9999
42,SRS,SRS3,Control,2015,11.51,35.9,2.51,3.22,T. Russell,-9999,-9999
43,SRS,SRS3,Control,2015,14.08,44.1,1.93,3.96,T. Russell,-9999,-9999
44,SRS,SRS3,Control,2015,12.09,45.24,2.25,3.91,T. Russell,-9999,-9999
45,SRS,SRS4,Control,2015,9.96,41.79,2.75,2.83,T. Russell,-9999,-9999
46,SRS,SRS4,Control,2015,12.22,38.2,2.24,2.63,T. Russell,-9999,-9999
47,SRS,SRS4,Control,2015,13.17,41,2.05,2.77,T. Russell,-9999,-9999
48,SRS,SRS5,Control,2015,14.55,30.57,1.88,1.81,T. Russell,-9999,-9999
49,SRS,SRS5,Control,2015,12.76,26.96,2.21,1.73,T. Russell,-9999,-9999
50,SRS,SRS5,Control,2015,11.18,31.46,2.52,1.96,T. Russell,-9999,-9999
51,SRS,SRS5,Control,2015,14.27,17.63,1.97,0.97,T. Russell,-9999,-9999
52,SRS,SRS5,Control,2015,13.57,23.32,2.07,1.34,T. Russell,-9999,-9999
53,SRS,SRS6,Control,2015,13.94,15.52,1.63,0.83,T. Russell,-9999,-9999
54,SRS,SRS6,Control,2015,14.05,12.69,1.02,0.58,T. Russell,-9999,-9999
55,SRS,SRS6,Control,2015,11.46,17.68,1.96,1.02,T. Russell,-9999,-9999
56,SRS,SRS6,Control,2015,14.19,16.24,1.74,0.94,T. Russell,-9999,-9999
1,TS,TS/Ph1,Control,2015,15.41,13.57,1.3,0.94,T. Russell,-9999,-9999
2,TS,TS/Ph1,Control,2015,11.05,15.6,0.95,0.85,T. Russell,-9999,-9999
3,TS,TS/Ph1,Control,2015,12.82,14.16,1.06,0.86,T. Russell,-9999,-9999
29,TS,TS/Ph10,Control,2015,17.97,11.83,0.51,0.42,T. Russell,-9999,-9999
30,TS,TS/Ph10,Control,2015,14.68,11.94,0.48,0.42,T. Russell,-9999,-9999
31,TS,TS/Ph10,Control,2015,12.87,11.93,0.51,0.43,T. Russell,-9999,-9999
32,TS,TS/Ph11,Control,2015,14.46,12.03,0.32,0.42,T. Russell,-9999,-9999
33,TS,TS/Ph11,Control,2015,13.1,11.88,0.36,0.44,T. Russell,-9999,-9999
34,TS,TS/Ph11,Control,2015,12.33,12.49,0.55,0.54,T. Russell,-9999,-9999
4,TS,TS/Ph2,Control,2015,14.8,15.98,0.96,0.82,T. Russell,-9999,-9999
5,TS,TS/Ph2,Control,2015,9.28,15.19,0.82,0.81,T. Russell,-9999,-9999
6,TS,TS/Ph2,Control,2015,14.15,15.95,1.01,0.88,T. Russell,-9999,-9999
7,TS,TS/Ph3,Control,2015,13.54,17.22,1.18,1,T. Russell,-9999,-9999
8,TS,TS/Ph3,Control,2015,11.83,16.64,1.03,0.95,T. Russell,-9999,-9999
9,TS,TS/Ph3,Control,2015,12.95,17.09,1.19,1.03,T. Russell,-9999,-9999
10,TS,TS/Ph4,Control,2015,13.25,15.77,1.05,0.79,T. Russell,-9999,-9999
11,TS,TS/Ph4,Control,2015,13.9,13.7,0.97,0.61,T. Russell,-9999,-9999
12,TS,TS/Ph4,Control,2015,13.55,15.86,0.92,0.77,T. Russell,-9999,-9999
13,TS,TS/Ph5,Control,2015,13.87,14.99,0.71,0.73,T. Russell,-9999,-9999
14,TS,TS/Ph5,Control,2015,13.58,15.31,0.78,0.77,T. Russell,-9999,-9999
15,TS,TS/Ph5,Control,2015,13.59,15.72,0.82,0.83,T. Russell,-9999,-9999
16,TS,TS/Ph6b,Control,2015,12.98,12.86,0.55,0.49,T. Russell,-9999,-9999
17,TS,TS/Ph6b,Control,2015,13.12,13.28,0.71,0.55,T. Russell,-9999,-9999
18,TS,TS/Ph6b,Control,2015,13.62,15.15,1.29,0.74,T. Russell,-9999,-9999
19,TS,TS/Ph6b,Control,2015,13.77,16.22,1.58,0.85,T. Russell,-9999,-9999
20,TS,TS/Ph7b,Control,2015,14.93,14.97,1.43,0.75,T. Russell,-9999,-9999
21,TS,TS/Ph7b,Control,2015,14.75,15.83,1.6,0.81,T. Russell,-9999,-9999
22,TS,TS/Ph7b,Control,2015,15.15,15.21,1.51,0.77,T. Russell,-9999,-9999
23,TS,TS/Ph8,Control,2015,13.75,18.05,2.09,1.25,T. Russell,-9999,-9999
24,TS,TS/Ph8,Control,2015,11.04,15.48,1.84,0.95,T. Russell,-9999,-9999
25,TS,TS/Ph8,Control,2015,15.14,18.34,1.91,1.25,T. Russell,-9999,-9999
26,TS,TS/Ph9,Control,2015,14.41,11.99,0.49,0.39,T. Russell,-9999,-9999
27,TS,TS/Ph9,Control,2015,14.53,11.69,0.43,0.41,T. Russell,-9999,-9999
28,TS,TS/Ph9,Control,2015,13.72,11.68,0.44,0.4,T. Russell,-9999,-9999
1,SRS,SRS1d,Control,2016,10.48,20.57,1.83,1.44,A.Gorsky,-9999,-9999
2,SRS,SRS1d,Control,2016,10.66,22.61,2.23,1.68,A.Gorsky,-9999,-9999
3,SRS,SRS1d,Control,2016,8.06,25.11,2.63,1.97,A.Gorsky,-9999,-9999
4,SRS,SRS2,Control,2016,10.75,45.21,3.88,4.04,A.Gorsky,-9999,-9999
5,SRS,SRS2,Control,2016,8.2,46.39,5.49,4.14,A.Gorsky,-9999,-9999
6,SRS,SRS2,Control,2016,9,45.94,5.47,4.09,A.Gorsky,-9999,-9999
7,SRS,SRS3,Control,2016,8.85,47.2,4.83,4.22,A.Gorsky,-9999,-9999
8,SRS,SRS3,Control,2016,11.05,47.6,3.57,3.81,A.Gorsky,-9999,-9999
9,SRS,SRS3,Control,2016,7.98,46.73,5.49,4.41,A.Gorsky,-9999,-9999
10,SRS,SRS4,Control,2016,9.95,43.51,4.54,3.26,A.Gorsky,-9999,-9999
11,SRS,SRS4,Control,2016,7.68,45.67,5.59,3.24,A.Gorsky,-9999,-9999
12,SRS,SRS4,Control,2016,11.97,43.35,3.41,3.03,A.Gorsky,-9999,-9999
13,SRS,SRS5,Control,2016,12.83,26.27,3.24,1.62,A.Gorsky,-9999,-9999
14,SRS,SRS5,Control,2016,10.64,29.47,3.95,1.87,A.Gorsky,-9999,-9999
15,SRS,SRS5,Control,2016,10.95,25.97,3.48,1.75,A.Gorsky,-9999,-9999
16,SRS,SRS6,Control,2016,17.51,16.19,1.77,0.9,A.Gorsky,-9999,-9999
17,SRS,SRS6,Control,2016,17.05,17.19,1.87,0.94,A.Gorsky,-9999,-9999
18,SRS,SRS6,Control,2016,12.89,13.75,1.19,0.74,A.Gorsky,-9999,-9999
19,TS,TS/Ph1,Control,2016,9,14.38,0.56,0.82,A.Gorsky,-9999,-9999
20,TS,TS/Ph1,Control,2016,12.93,14.76,0.66,0.88,A.Gorsky,-9999,-9999
21,TS,TS/Ph1,Control,2016,11.54,14.42,0.55,0.81,A.Gorsky,-9999,-9999
46,TS,TS/Ph10,Control,2016,9.38,12.36,0.39,0.6,A.Gorsky,-9999,-9999
47,TS,TS/Ph10,Control,2016,7.44,12.38,0.36,0.62,A.Gorsky,-9999,-9999
48,TS,TS/Ph10,Control,2016,10.46,12.58,0.42,0.6,A.Gorsky,-9999,-9999
49,TS,TS/Ph11,Control,2016,8.35,12.19,0.4,0.64,A.Gorsky,-9999,-9999
50,TS,TS/Ph11,Control,2016,13.51,11.97,0.41,0.55,A.Gorsky,-9999,-9999
51,TS,TS/Ph11,Control,2016,10,11.84,0.33,0.57,A.Gorsky,-9999,-9999
22,TS,TS/Ph2,Control,2016,9.76,15.08,0.68,0.93,A.Gorsky,-9999,-9999
23,TS,TS/Ph2,Control,2016,5.92,14.46,0.33,0.85,A.Gorsky,-9999,-9999
24,TS,TS/Ph2,Control,2016,9.72,14.63,0.47,0.77,A.Gorsky,-9999,-9999
25,TS,TS/Ph3,Control,2016,6.46,15.87,0.61,0.99,A.Gorsky,-9999,-9999
26,TS,TS/Ph3,Control,2016,10.11,15.47,0.62,0.9,A.Gorsky,-9999,-9999
27,TS,TS/Ph3,Control,2016,6.35,17.52,0.91,1.24,A.Gorsky,-9999,-9999
28,TS,TS/Ph4,Control,2016,6.48,15.24,0.51,0.88,A.Gorsky,-9999,-9999
29,TS,TS/Ph4,Control,2016,8.7,15.58,0.61,0.9,A.Gorsky,-9999,-9999
30,TS,TS/Ph4,Control,2016,13.61,14.9,0.56,0.77,A.Gorsky,-9999,-9999
31,TS,TS/Ph5,Control,2016,7.5,15.62,0.57,0.87,A.Gorsky,-9999,-9999
32,TS,TS/Ph5,Control,2016,12.21,14.95,0.54,0.81,A.Gorsky,-9999,-9999
33,TS,TS/Ph5,Control,2016,8.71,14.18,0.36,0.74,A.Gorsky,-9999,-9999
34,TS,TS/Ph6b,Control,2016,10.66,13.09,0.24,0.53,A.Gorsky,-9999,-9999
35,TS,TS/Ph6b,Control,2016,10.12,16.16,0.8,0.87,A.Gorsky,-9999,-9999
36,TS,TS/Ph6b,Control,2016,7.19,15.93,0.73,0.88,A.Gorsky,-9999,-9999
37,TS,TS/Ph7b,Control,2016,15.94,16.44,1.38,0.91,A.Gorsky,-9999,-9999
38,TS,TS/Ph7b,Control,2016,11.09,17.07,1.48,1.01,A.Gorsky,-9999,-9999
39,TS,TS/Ph7b,Control,2016,11.07,18.01,1.63,1.05,A.Gorsky,-9999,-9999
40,TS,TS/Ph8,Control,2016,8.8,17.6,1.68,1.2,A.Gorsky,-9999,-9999
41,TS,TS/Ph8,Control,2016,13.25,19.12,2.01,1.25,A.Gorsky,-9999,-9999
42,TS,TS/Ph8,Control,2016,10.85,15.86,1.37,0.97,A.Gorsky,-9999,-9999
43,TS,TS/Ph9,Control,2016,12.54,11.03,0.31,0.47,A.Gorsky,-9999,-9999
44,TS,TS/Ph9,Control,2016,13.53,10.91,0.25,0.45,A.Gorsky,-9999,-9999
45,TS,TS/Ph9,Control,2016,13.19,10.23,0.19,0.41,A.Gorsky,-9999,-9999
1,SRS,SRS1d,Control,2017,15.5,44.33,2.71,3.72,A.Gorsky,-9999,-9999
2,SRS,SRS1d,Control,2017,15.99,40.37,2.61,3.3,A.Gorsky,-9999,-9999
3,SRS,SRS1d,Control,2017,16.54,41.56,2.6,3.42,A.Gorsky,-9999,-9999
4,SRS,SRS2,Control,2017,16.14,43.97,2.66,3.9,A.Gorsky,-9999,-9999
5,SRS,SRS2,Control,2017,13,44.62,3.31,3.74,A.Gorsky,-9999,-9999
6,SRS,SRS2,Control,2017,15.91,42.5,2.72,3.38,A.Gorsky,-9999,-9999
7,SRS,SRS3,Control,2017,14.88,46.98,2.84,4.13,A.Gorsky,-9999,-9999
8,SRS,SRS3,Control,2017,16.78,42.54,2.53,3.9,A.Gorsky,-9999,-9999
9,SRS,SRS3,Control,2017,15.98,44.99,2.62,4.2,A.Gorsky,-9999,-9999
10,SRS,SRS4,Control,2017,16.02,40.51,2.69,2.99,A.Gorsky,-9999,-9999
11,SRS,SRS4,Control,2017,14.81,37.49,2.91,2.76,A.Gorsky,-9999,-9999
12,SRS,SRS4,Control,2017,16.92,37.91,2.56,2.9,A.Gorsky,-9999,-9999
13,SRS,SRS5,Control,2017,15.17,22.71,2.46,1.28,A.Gorsky,19.5,3.21
14,SRS,SRS5,Control,2017,17.01,20.41,2.39,1.07,A.Gorsky,16.4,4.01
15,SRS,SRS5,Control,2017,17.31,21.7,2.52,1.16,A.Gorsky,18.44,3.26
16,SRS,SRS6,Control,2017,17.79,14.15,1.25,0.62,A.Gorsky,7.99,6.16
17,SRS,SRS6,Control,2017,16.51,12.95,0.97,0.55,A.Gorsky,6.66,6.29
18,SRS,SRS6,Control,2017,16.23,13.77,0.94,0.62,A.Gorsky,7.06,6.71
19,TS,TS/Ph1,Control,2017,16.24,14.78,0.86,0.88,A.Gorsky,-9999,-9999
20,TS,TS/Ph1,Control,2017,17.4,14.43,0.71,0.76,A.Gorsky,-9999,-9999
21,TS,TS/Ph1,Control,2017,16.04,14.54,0.78,0.8,A.Gorsky,-9999,-9999
46,TS,TS/Ph10,Control,2017,19.87,11.77,0.39,0.42,A.Gorsky,-9999,-9999
47,TS,TS/Ph10,Control,2017,16.55,11.97,0.47,0.44,A.Gorsky,-9999,-9999
48,TS,TS/Ph10,Control,2017,19.57,11.95,0.43,0.42,A.Gorsky,-9999,-9999
49,TS,TS/Ph11,Control,2017,16.52,11.81,0.62,0.53,A.Gorsky,-9999,-9999
50,TS,TS/Ph11,Control,2017,16.36,12.81,0.8,0.67,A.Gorsky,-9999,-9999
51,TS,TS/Ph11,Control,2017,18.69,12.23,0.63,0.55,A.Gorsky,-9999,-9999
22,TS,TS/Ph2,Control,2017,18.22,14.93,0.68,0.75,A.Gorsky,-9999,-9999
23,TS,TS/Ph2,Control,2017,16.15,15.33,0.76,0.82,A.Gorsky,-9999,-9999
24,TS,TS/Ph2,Control,2017,16.61,14.61,0.63,0.75,A.Gorsky,-9999,-9999
25,TS,TS/Ph3,Control,2017,13.9,16.16,0.78,0.78,A.Gorsky,-9999,-9999
26,TS,TS/Ph3,Control,2017,16.79,16.06,0.82,0.87,A.Gorsky,-9999,-9999
27,TS,TS/Ph3,Control,2017,16.12,14.79,0.58,0.67,A.Gorsky,-9999,-9999
28,TS,TS/Ph4,Control,2017,18.65,13.96,0.45,0.57,A.Gorsky,-9999,-9999
29,TS,TS/Ph4,Control,2017,14.13,0.47,0.61,0.85,A.Gorsky,-9999,-9999
30,TS,TS/Ph4,Control,2017,19.63,13.97,0.45,0.57,A.Gorsky,-9999,-9999
31,TS,TS/Ph5,Control,2017,18.38,14.18,0.48,0.62,A.Gorsky,-9999,-9999
32,TS,TS/Ph5,Control,2017,17.47,14.06,0.43,0.57,A.Gorsky,-9999,-9999
33,TS,TS/Ph5,Control,2017,17.39,14.26,0.48,0.62,A.Gorsky,-9999,-9999
34,TS,TS/Ph6b,Control,2017,15.64,40.59,2.53,3.07,A.Gorsky,-9999,-9999
35,TS,TS/Ph6b,Control,2017,13.3,41.09,2.98,2.66,A.Gorsky,-9999,-9999
36,TS,TS/Ph6b,Control,2017,17.92,41.7,2.22,3.14,A.Gorsky,-9999,-9999
37,TS,TS/Ph7b,Control,2017,16.69,17.53,1.6,0.86,A.Gorsky,-9999,-9999
38,TS,TS/Ph7b,Control,2017,17.12,16.68,1.57,0.82,A.Gorsky,-9999,-9999
39,TS,TS/Ph7b,Control,2017,20.33,16.7,1.44,0.82,A.Gorsky,-9999,-9999
40,TS,TS/Ph8,Control,2017,15.66,20.62,2.41,1.32,A.Gorsky,-9999,-9999
41,TS,TS/Ph8,Control,2017,15.84,20.86,2.25,1.2,A.Gorsky,-9999,-9999
42,TS,TS/Ph8,Control,2017,15.72,21.18,2.38,1.29,A.Gorsky,-9999,-9999
43,TS,TS/Ph9,Control,2017,17.88,10.78,0.34,0.38,A.Gorsky,-9999,-9999
44,TS,TS/Ph9,Control,2017,15.81,10.42,0.29,0.32,A.Gorsky,-9999,-9999
45,TS,TS/Ph9,Control,2017,19.04,10.83,0.3,0.33,A.Gorsky,-9999,-9999
1,SRS,SRS1d,Control,2017.5,17.3,20.76,1.65,1.31,A.Gorsky,11.61,9.15
2,SRS,SRS1d,Control,2017.5,15.32,27.85,2.78,2.09,A.Gorsky,20.81,7.04
3,SRS,SRS1d,Control,2017.5,16.53,31.92,2.68,2.65,A.Gorsky,26.02,5.9
4,SRS,SRS2,Control,2017.5,14.54,47.45,3,3.97,A.Gorsky,44.52,2.93
5,SRS,SRS2,Control,2017.5,14.72,46.32,2.97,4.04,A.Gorsky,43.91,2.41
6,SRS,SRS2,Control,2017.5,12.15,47.92,3.59,3.91,A.Gorsky,45.5,2.42
7,SRS,SRS3,Control,2017.5,13.78,48.59,3.28,4.42,A.Gorsky,45.56,3.03
8,SRS,SRS3,Control,2017.5,15.32,48.52,2.92,4.1,A.Gorsky,45.83,2.69
9,SRS,SRS3,Control,2017.5,10.48,48.98,4.19,4.13,A.Gorsky,46.46,2.52
10,SRS,SRS4,Control,2017.5,14.17,46.15,3.03,3.23,A.Gorsky,42.48,3.67
11,SRS,SRS4,Control,2017.5,13.16,46.88,3.3,3.19,A.Gorsky,45.66,1.22
12,SRS,SRS4,Control,2017.5,14.3,46.28,3.04,3.25,A.Gorsky,44.79,1.49
13,SRS,SRS5,Bottom,2017.5,12.21,30.92,3.43,1.76,A.Gorsky,28.57,2.35
14,SRS,SRS5,Bottom,2017.5,17.23,34.82,2.59,2.11,A.Gorsky,33.26,1.56
15,SRS,SRS5,Bottom,2017.5,16.03,25.3,2.71,1.47,A.Gorsky,17.43,7.87
16,SRS,SRS5,Top,2017.5,16.03,13.21,0.84,0.59,A.Gorsky,5.54,7.67
17,SRS,SRS5,Top,2017.5,18.6,13.65,0.93,0.64,A.Gorsky,6.05,7.6
18,SRS,SRS5,Top,2017.5,14.68,13.72,0.96,0.64,A.Gorsky,6.16,7.56
19,SRS,SRS6,Bottom,2017.5,18.7,14.06,1.01,0.62,A.Gorsky,7.79,6.27
20,SRS,SRS6,Bottom,2017.5,16.64,15.79,1.3,0.77,A.Gorsky,9.85,5.94
21,SRS,SRS6,Bottom,2017.5,17.28,14.98,1.13,0.67,A.Gorsky,8.77,6.21
22,SRS,SRS6,Top,2017.5,15.15,12.68,0.79,0.55,A.Gorsky,5.04,7.64
23,SRS,SRS6,Top,2017.5,15.71,12.12,0.69,0.51,A.Gorsky,4.33,7.79
24,SRS,SRS6,Top,2017.5,18.23,12.41,0.74,0.52,A.Gorsky,2.59,9.82
25,TS,TS/Ph1,Control,2017.5,17.04,14.94,0.88,0.89,A.Gorsky,5.01,9.93
26,TS,TS/Ph1,Control,2017.5,13.5,15.78,0.85,0.93,A.Gorsky,5.46,10.32
27,TS,TS/Ph1,Control,2017.5,17.44,14.65,0.6,0.65,A.Gorsky,3.65,11
28,TS,TS/Ph10,Control,2017.5,17.03,12.07,0.43,0.39,A.Gorsky,1.93,10.14
29,TS,TS/Ph10,Control,2017.5,15.63,12.24,0.46,0.41,A.Gorsky,2.57,9.67
30,TS,TS/Ph10,Control,2017.5,15.68,12.42,0.46,0.43,A.Gorsky,2.61,9.81
31,TS,TS/Ph11,Control,2017.5,17.48,11.93,0.42,0.39,A.Gorsky,1.97,9.96
32,TS,TS/Ph11,Control,2017.5,14.76,12.32,0.54,0.48,A.Gorsky,2.76,9.56
33,TS,TS/Ph11,Control,2017.5,16.63,12.54,0.56,0.51,A.Gorsky,3.21,9.33
34,TS,TS/Ph2,Control,2017.5,15.32,14.56,0.55,0.63,A.Gorsky,3.78,10.78
35,TS,TS/Ph2,Control,2017.5,15.64,15.35,0.68,0.75,A.Gorsky,4.49,10.86
36,TS,TS/Ph2,Control,2017.5,12.44,16.02,0.79,0.82,A.Gorsky,5.38,10.64
37,TS,TS/Ph3,Control,2017.5,14.7,16.81,0.88,0.79,A.Gorsky,6.24,10.57
38,TS,TS/Ph3,Control,2017.5,12.87,19.64,1.39,1.14,A.Gorsky,9.87,9.77
39,TS,TS/Ph3,Control,2017.5,16.37,16.73,0.89,0.85,A.Gorsky,6.21,10.52
40,TS,TS/Ph4,Control,2017.5,18.31,14.42,0.53,0.57,A.Gorsky,3.22,11.2
41,TS,TS/Ph4,Control,2017.5,18.35,14.44,0.51,0.54,A.Gorsky,3.27,11.17
42,TS,TS/Ph4,Control,2017.5,15.14,13.98,0.45,0.52,A.Gorsky,2.72,11.26
43,TS,TS/Ph5,Control,2017.5,15.64,14.72,0.56,0.61,A.Gorsky,3.45,11.27
44,TS,TS/Ph5,Control,2017.5,15.39,14.34,0.48,0.55,A.Gorsky,3,11.34
45,TS,TS/Ph5,Control,2017.5,16.27,14.06,0.43,0.49,A.Gorsky,2.54,11.52
46,TS,TS/Ph6b,Control,2017.5,15.09,46.11,2.94,3.04,A.Gorsky,45.84,0.27
47,TS,TS/Ph6b,Control,2017.5,16.45,28.34,2.65,1.64,A.Gorsky,22.46,5.88
48,TS,TS/Ph6b,Control,2017.5,15.14,44.54,2.87,2.88,A.Gorsky,44.28,0.26
49,TS,TS/Ph7b,Control,2017.5,15.73,16.71,1.17,0.69,A.Gorsky,9.01,7.7
50,TS,TS/Ph7b,Control,2017.5,15.51,16.43,1.06,0.67,A.Gorsky,8.32,8.11
51,TS,TS/Ph7b,Control,2017.5,15.99,18.69,1.45,0.85,A.Gorsky,11.54,7.15
52,TS,TS/Ph9,Control,2017.5,15.85,10.47,0.31,0.31,A.Gorsky,1.58,8.89
53,TS,TS/Ph9,Control,2017.5,15.47,10.76,0.31,0.31,A.Gorsky,1.96,8.8
54,TS,TS/Ph9,Control,2017.5,16.01,11.34,0.37,0.36,A.Gorsky,2.41,8.93
1,SRS,SRS1d,Control,2018,13.92,43.99,3.1,3.55,A.Gorsky,-9999,-9999
2,SRS,SRS1d,Control,2018,9.25,44.51,4.5,3.67,A.Gorsky,-9999,-9999
3,SRS,SRS1d,Control,2018,7.94,41.2,4.92,3.46,A.Gorsky,-9999,-9999
4,SRS,SRS2,Control,2018,12.66,45.56,3.2,3.77,A.Gorsky,-9999,-9999
5,SRS,SRS2,Control,2018,6.16,48.56,5.98,3.85,A.Gorsky,-9999,-9999
6,SRS,SRS2,Control,2018,9.34,46.59,4.48,4.22,A.Gorsky,-9999,-9999
7,SRS,SRS3,Control,2018,9.38,47.78,4.48,4.49,A.Gorsky,-9999,-9999
8,SRS,SRS3,Control,2018,10.11,47.7,4.08,4.59,A.Gorsky,-9999,-9999
9,SRS,SRS3,Control,2018,8.34,48.44,4.84,4.6,A.Gorsky,-9999,-9999
10,SRS,SRS4,Control,2018,11.4,45.1,3.58,3.29,A.Gorsky,-9999,-9999
11,SRS,SRS4,Control,2018,12.49,46.42,3.36,2.98,A.Gorsky,-9999,-9999
12,SRS,SRS4,Control,2018,10.31,44.73,4.17,3.08,A.Gorsky,-9999,-9999
13,SRS,SRS5,Control,2018,15.06,32.34,2.89,1.97,A.Gorsky,-9999,-9999
14,SRS,SRS5,Control,2018,11.41,30.86,3.43,1.86,A.Gorsky,-9999,-9999
15,SRS,SRS5,Control,2018,8.81,32.9,3.83,2.07,A.Gorsky,-9999,-9999
16,SRS,SRS6,Control,2018,17.78,16.45,1.38,0.76,A.Gorsky,-9999,-9999
17,SRS,SRS6,Control,2018,20.51,14.63,1.21,0.51,A.Gorsky,-9999,-9999
18,SRS,SRS6,Control,2018,19.02,15.33,1.33,0.78,A.Gorsky,-9999,-9999
19,TS,TS/Ph1,Control,2018,14.28,15.18,0.7,0.79,A.Gorsky,-9999,-9999
20,TS,TS/Ph1,Control,2018,20.17,14.37,0.63,0.75,A.Gorsky,-9999,-9999
21,TS,TS/Ph1,Control,2018,16.17,14.91,0.68,0.8,A.Gorsky,-9999,-9999
22,TS,TS/Ph10,Control,2018,13.38,12.39,0.41,0.45,A.Gorsky,-9999,-9999
23,TS,TS/Ph10,Control,2018,24.75,12.19,0.43,0.34,A.Gorsky,-9999,-9999
24,TS,TS/Ph10,Control,2018,21.91,12.25,0.42,0.41,A.Gorsky,-9999,-9999
25,TS,TS/Ph11,Control,2018,14.74,12.56,0.61,0.59,A.Gorsky,-9999,-9999
26,TS,TS/Ph11,Control,2018,15.93,12.47,0.74,0.62,A.Gorsky,-9999,-9999
27,TS,TS/Ph11,Control,2018,18.17,11.85,0.66,1.04,A.Gorsky,-9999,-9999
28,TS,TS/Ph2,Control,2018,12.86,15.71,0.74,0.92,A.Gorsky,-9999,-9999
29,TS,TS/Ph2,Control,2018,10.5,15.29,0.58,0.93,A.Gorsky,-9999,-9999
30,TS,TS/Ph2,Control,2018,18.16,14.62,0.5,0.56,A.Gorsky,-9999,-9999
31,TS,TS/Ph3,Control,2018,16.77,15.42,0.66,0.73,A.Gorsky,-9999,-9999
32,TS,TS/Ph3,Control,2018,18.04,16.24,0.81,0.83,A.Gorsky,-9999,-9999
33,TS,TS/Ph3,Control,2018,20.39,15.51,0.71,0.72,A.Gorsky,-9999,-9999
34,TS,TS/Ph4,Control,2018,21.04,14.5,0.51,0.59,A.Gorsky,-9999,-9999
35,TS,TS/Ph4,Control,2018,15.15,14.21,0.46,0.5,A.Gorsky,-9999,-9999
36,TS,TS/Ph4,Control,2018,14.78,15.11,0.64,0.55,A.Gorsky,-9999,-9999
37,TS,TS/Ph5,Control,2018,21.13,14.34,0.53,0.52,A.Gorsky,-9999,-9999
38,TS,TS/Ph5,Control,2018,12.68,14.62,0.46,0.48,A.Gorsky,-9999,-9999
39,TS,TS/Ph5,Control,2018,15.48,15.62,0.74,0.66,A.Gorsky,-9999,-9999
40,TS,TS/Ph6b,Control,2018,13.91,15.58,0.75,0.64,A.Gorsky,-9999,-9999
41,TS,TS/Ph6b,Control,2018,11.26,15.15,0.64,0.3,A.Gorsky,-9999,-9999
42,TS,TS/Ph6b,Control,2018,17.15,15.52,0.79,0.77,A.Gorsky,-9999,-9999
43,TS,TS/Ph7b,Control,2018,24.65,14.94,0.89,0.5,A.Gorsky,-9999,-9999
44,TS,TS/Ph7b,Control,2018,16.13,17.83,1.37,0.87,A.Gorsky,-9999,-9999
45,TS,TS/Ph7b,Control,2018,14,15.8,1.05,0.51,A.Gorsky,-9999,-9999
46,TS,TS/Ph8,Control,2018,17.86,18.92,1.95,1.31,A.Gorsky,-9999,-9999
47,TS,TS/Ph8,Control,2018,17.83,19.76,2.02,1.23,A.Gorsky,-9999,-9999
48,TS,TS/Ph8,Control,2018,15.93,20.02,2.08,1.31,A.Gorsky,-9999,-9999
49,TS,TS/Ph9,Control,2018,26.99,10.55,0.37,0.26,A.Gorsky,-9999,-9999
50,TS,TS/Ph9,Control,2018,24.57,10.26,0.22,0.04,A.Gorsky,-9999,-9999
51,TS,TS/Ph9,Control,2018,20.4,10.7,0.25,0.29,A.Gorsky,-9999,-9999
1,SRS,SRS1d,Control,2019,9.09,16.7,0.76,0.65,M.Reinsel,-9999,-9999
2,SRS,SRS1d,Control,2019,4.36,21.86,1.65,1.19,M.Reinsel,-9999,-9999
3,SRS,SRS1d,Control,2019,6.89,27.21,3.04,1.96,M.Reinsel,-9999,-9999
4,SRS,SRS2,Control,2019,3.53,44.92,5.92,3.69,M.Reinsel,-9999,-9999
5,SRS,SRS2,Control,2019,4.73,45.39,6.3,3.51,M.Reinsel,-9999,-9999
6,SRS,SRS2,Control,2019,5.77,45.66,6.56,3.52,M.Reinsel,-9999,-9999
7,SRS,SRS3,Control,2019,8.51,44.15,5.36,3.98,M.Reinsel,-9999,-9999
8,SRS,SRS3,Control,2019,10.61,44.71,4.21,3.46,M.Reinsel,-9999,-9999
9,SRS,SRS3,Control,2019,5.9,44.44,6.65,3.97,M.Reinsel,-9999,-9999
10,SRS,SRS4,Control,2019,8.69,38.89,5.36,2.73,M.Reinsel,-9999,-9999
11,SRS,SRS4,Control,2019,7.3,40.71,5.91,2.67,M.Reinsel,-9999,-9999
12,SRS,SRS4,Control,2019,6.52,39.66,5.86,2.56,M.Reinsel,-9999,-9999
13,SRS,SRS5,Control,2019,8.77,29.43,4.56,1.58,M.Reinsel,-9999,-9999
14,SRS,SRS5,Control,2019,13.78,20.85,2.76,1.07,M.Reinsel,-9999,-9999
15,SRS,SRS5,Control,2019,13.49,19.14,2.42,0.97,M.Reinsel,-9999,-9999
16,SRS,SRS6,Control,2019,15.36,15.41,1.68,0.69,M.Reinsel,-9999,-9999
17,SRS,SRS6,Control,2019,11.74,15.01,1.5,0.64,M.Reinsel,-9999,-9999
18,SRS,SRS6,Control,2019,19.3,16.03,1.8,0.75,M.Reinsel,-9999,-9999
19,TS,TS/Ph1,Control,2019,11.13,14.71,0.54,0.56,M.Reinsel,-9999,-9999
20,TS,TS/Ph1,Control,2019,15.43,15.31,0.78,0.71,M.Reinsel,-9999,-9999
21,TS,TS/Ph1,Control,2019,9.9,17.31,1.12,0.93,M.Reinsel,-9999,-9999
22,TS,TS/Ph10,Control,2019,13,12.07,0.45,0.37,M.Reinsel,-9999,-9999
23,TS,TS/Ph10,Control,2019,8.98,12.3,0.38,0.37,M.Reinsel,-9999,-9999
24,TS,TS/Ph10,Control,2019,10.18,12.22,0.41,0.38,M.Reinsel,-9999,-9999
25,TS,TS/Ph11,Control,2019,14.06,12.42,0.61,0.46,M.Reinsel,-9999,-9999
26,TS,TS/Ph11,Control,2019,8.82,12.8,0.6,0.52,M.Reinsel,-9999,-9999
27,TS,TS/Ph11,Control,2019,9.28,12.5,0.53,0.45,M.Reinsel,-9999,-9999
28,TS,TS/Ph2,Control,2019,6.06,16.06,0.59,0.71,M.Reinsel,-9999,-9999
29,TS,TS/Ph2,Control,2019,10.78,15.68,0.71,1.51,M.Reinsel,-9999,-9999
30,TS,TS/Ph2,Control,2019,5,15.91,0.5,0.75,M.Reinsel,-9999,-9999
31,TS,TS/Ph3,Control,2019,6.13,16.69,0.66,0.75,M.Reinsel,-9999,-9999
32,TS,TS/Ph3,Control,2019,6.82,16.92,0.72,0.78,M.Reinsel,-9999,-9999
33,TS,TS/Ph3,Control,2019,4.86,17.22,0.66,0.86,M.Reinsel,-9999,-9999
34,TS,TS/Ph4,Control,2019,7.91,14.59,0.32,0.53,M.Reinsel,-9999,-9999
35,TS,TS/Ph4,Control,2019,6.42,15.12,0.38,0.56,M.Reinsel,-9999,-9999
36,TS,TS/Ph4,Control,2019,4.25,15.11,0.18,0.51,M.Reinsel,-9999,-9999
37,TS,TS/Ph5,Control,2019,4.8,15.85,0.36,0.65,M.Reinsel,-9999,-9999
38,TS,TS/Ph5,Control,2019,5.2,14.68,0.18,0.5,M.Reinsel,-9999,-9999
39,TS,TS/Ph5,Control,2019,7.68,14.43,0.27,0.47,M.Reinsel,-9999,-9999
40,TS,TS/Ph6b,Control,2019,9.58,16.61,0.85,0.54,M.Reinsel,-9999,-9999
41,TS,TS/Ph6b,Control,2019,7.15,16.14,0.74,0.61,M.Reinsel,-9999,-9999
43,TS,TS/Ph7b,Control,2019,6.37,26.13,4.14,1.47,M.Reinsel,-9999,-9999
44,TS,TS/Ph7b,Control,2019,6.34,25.26,4.07,1.71,M.Reinsel,-9999,-9999
45,TS,TS/Ph7b,Control,2019,7.28,30.22,4.75,1.61,M.Reinsel,-9999,-9999
46,TS,TS/Ph8,Control,2019,9.37,25.77,3.5,1.33,M.Reinsel,-9999,-9999
47,TS,TS/Ph8,Control,2019,7.85,28.18,3.77,1.4,M.Reinsel,-9999,-9999
48,TS,TS/Ph8,Control,2019,7.12,28.5,3.95,1.42,M.Reinsel,-9999,-9999
49,TS,TS/Ph9,Control,2019,17.01,10.54,0.26,0.24,M.Reinsel,-9999,-9999
50,TS,TS/Ph9,Control,2019,9.99,11.06,0.19,0.25,M.Reinsel,-9999,-9999
1,SRS,SRS1d,Control,2020,10.54,21.09,1.7,1.26,M.Reinsel,-9999,-9999
2,SRS,SRS1d,Control,2020,8.92,37.31,4.52,3.21,M.Reinsel,-9999,-9999
3,SRS,SRS1d,Control,2020,12.66,20.22,1.7,1.23,M.Reinsel,-9999,-9999
4,SRS,SRS2,Control,2020,7.71,47.74,5.06,3.69,M.Reinsel,-9999,-9999
5,SRS,SRS2,Control,2020,7.29,45.67,5.49,3.56,M.Reinsel,-9999,-9999
6,SRS,SRS2,Control,2020,7.43,45.45,5.47,3.68,M.Reinsel,-9999,-9999
7,SRS,SRS3,Control,2020,12.19,47.73,3.47,4.08,M.Reinsel,-9999,-9999
8,SRS,SRS3,Control,2020,8.57,54.08,4.91,3.98,M.Reinsel,-9999,-9999
9,SRS,SRS3,Control,2020,10.45,48.09,3.97,3.87,M.Reinsel,-9999,-9999
10,SRS,SRS4,Control,2020,9.39,45.27,4.33,2.92,M.Reinsel,-9999,-9999
11,SRS,SRS4,Control,2020,7.36,44.48,5,2.9,M.Reinsel,-9999,-9999
12,SRS,SRS4,Control,2020,5.36,43.35,4.93,3.26,M.Reinsel,-9999,-9999
13,SRS,SRS5,Control,2020,13.82,18.82,1.72,0.94,M.Reinsel,-9999,-9999
14,SRS,SRS5,Control,2020,11.01,22.53,2.36,1.2,M.Reinsel,-9999,-9999
15,SRS,SRS5,Control,2020,14.37,24.13,2.61,1.22,M.Reinsel,-9999,-9999
16,SRS,SRS6,Control,2020,17.41,14.45,1.02,0.57,M.Reinsel,-9999,-9999
17,SRS,SRS6,Control,2020,13.26,14.41,1,0.64,M.Reinsel,-9999,-9999
18,SRS,SRS6,Control,2020,5.15,13.89,0.8,0.59,M.Reinsel,-9999,-9999
19,TS,TS/Ph1,Control,2020,5.09,15.67,0.7,0.73,M.Reinsel,-9999,-9999
20,TS,TS/Ph1,Control,2020,8.54,14.51,0.62,0.69,M.Reinsel,-9999,-9999
21,TS,TS/Ph1,Control,2020,5.12,14.88,0.65,0.73,M.Reinsel,-9999,-9999
22,TS,TS/Ph10,Control,2020,18.49,12.17,0.41,0.36,M.Reinsel,-9999,-9999
23,TS,TS/Ph10,Control,2020,17.19,12.1,0.4,0.36,M.Reinsel,-9999,-9999
24,TS,TS/Ph10,Control,2020,18.6,12.15,0.39,0.36,M.Reinsel,-9999,-9999
25,TS,TS/Ph11,Control,2020,18.33,11.89,0.26,0.29,M.Reinsel,-9999,-9999
26,TS,TS/Ph11,Control,2020,12.7,12.35,0.39,0.38,M.Reinsel,-9999,-9999
27,TS,TS/Ph11,Control,2020,15.23,11.85,0.24,0.28,M.Reinsel,-9999,-9999
28,TS,TS/Ph2,Control,2020,5.73,17.51,0.98,0.93,M.Reinsel,-9999,-9999
29,TS,TS/Ph2,Control,2020,12.06,15.83,0.82,0.78,M.Reinsel,-9999,-9999
30,TS,TS/Ph2,Control,2020,9.1,15.91,0.74,0.76,M.Reinsel,-9999,-9999
31,TS,TS/Ph3,Control,2020,6.01,16.37,0.72,0.8,M.Reinsel,-9999,-9999
32,TS,TS/Ph3,Control,2020,10.66,15.42,0.65,0.61,M.Reinsel,-9999,-9999
33,TS,TS/Ph3,Control,2020,5.56,15.9,0.65,0.74,M.Reinsel,-9999,-9999
34,TS,TS/Ph4,Control,2020,6.55,15.03,0.51,0.58,M.Reinsel,-9999,-9999
35,TS,TS/Ph4,Control,2020,6.27,15.31,0.55,0.65,M.Reinsel,-9999,-9999
36,TS,TS/Ph4,Control,2020,10.69,14.21,0.46,0.52,M.Reinsel,-9999,-9999
37,TS,TS/Ph5,Control,2020,7.99,13.79,0.35,0.46,M.Reinsel,-9999,-9999
38,TS,TS/Ph5,Control,2020,7.77,14.43,0.44,0.54,M.Reinsel,-9999,-9999
39,TS,TS/Ph5,Control,2020,7.67,13.99,0.33,0.46,M.Reinsel,-9999,-9999
40,TS,TS/Ph6b,Control,2020,8.43,14,0.47,0.44,M.Reinsel,-9999,-9999
41,TS,TS/Ph6b,Control,2020,8.09,20.42,2.6,1.08,M.Reinsel,-9999,-9999
42,TS,TS/Ph6b,Control,2020,6.63,24.94,2.49,1.29,M.Reinsel,-9999,-9999
43,TS,TS/Ph7b,Control,2020,7.2,37.49,5.2,1.78,M.Reinsel,-9999,-9999
44,TS,TS/Ph7b,Control,2020,8.29,29.62,4.29,1.55,M.Reinsel,-9999,-9999
45,TS,TS/Ph7b,Control,2020,5.98,36.64,4.53,1.6,M.Reinsel,-9999,-9999
46,TS,TS/Ph8,Control,2020,14.19,22.56,2.61,1.21,M.Reinsel,-9999,-9999
47,TS,TS/Ph8,Control,2020,7.79,23.05,2.42,1.28,M.Reinsel,-9999,-9999
48,TS,TS/Ph8,Control,2020,7.16,24.14,2.62,1.22,M.Reinsel,-9999,-9999
49,TS,TS/Ph9,Control,2020,16.94,11.24,0.33,0.31,M.Reinsel,-9999,-9999
50,TS,TS/Ph9,Control,2020,13.52,10.86,0.25,0.28,M.Reinsel,-9999,-9999
51,TS,TS/Ph9,Control,2020,16.95,10.4,0.63,0.29,M.Reinsel,-9999,-9999
1,SRS,SRS1d,Control,2021,3.96,31.49,3.3,2.66,R.Chambers,-9999,-9999
2,SRS,SRS1d,Control,2021,4.4,27.67,2.69,2.25,R.Chambers,-9999,-9999
3,SRS,SRS1d,Control,2021,6.4,26.89,2.96,2.1,R.Chambers,-9999,-9999
4,SRS,SRS2,Control,2021,4.94,42.6,5.72,3.86,R.Chambers,-9999,-9999
5,SRS,SRS2,Control,2021,2.85,42.63,5.08,3.51,R.Chambers,-9999,-9999
6,SRS,SRS2,Control,2021,3.7,43.11,5.64,3.83,R.Chambers,-9999,-9999
7,SRS,SRS3,Control,2021,4.5,44.21,5.55,3.74,R.Chambers,-9999,-9999
8,SRS,SRS3,Control,2021,5.12,44.49,5.7,3.86,R.Chambers,-9999,-9999
9,SRS,SRS3,Control,2021,3.75,43.85,5.58,3.95,R.Chambers,-9999,-9999
10,SRS,SRS4,Control,2021,4.77,39.28,5.23,2.9,R.Chambers,-9999,-9999
11,SRS,SRS4,Control,2021,7.72,42.35,5.11,2.79,R.Chambers,-9999,-9999
12,SRS,SRS4,Control,2021,8.47,40.02,5.08,2.78,R.Chambers,-9999,-9999
13,SRS,SRS5,Control,2021,13.15,17.61,1.84,0.89,R.Chambers,-9999,-9999
14,SRS,SRS5,Control,2021,9.4,15.4,1.29,0.72,R.Chambers,-9999,-9999
15,SRS,SRS5,Control,2021,18.28,16.76,1.7,0.81,R.Chambers,-9999,-9999
16,SRS,SRS6,Control,2021,12.07,15.44,1.4,0.74,R.Chambers,-9999,-9999
17,SRS,SRS6,Control,2021,15.05,15.16,1.44,0.73,R.Chambers,-9999,-9999
18,SRS,SRS6,Control,2021,14.05,16.39,1.6,0.78,R.Chambers,-9999,-9999
19,TS,TS/Ph1,Control,2021,14.52,14.72,0.61,0.74,R.Chambers,-9999,-9999
20,TS,TS/Ph1,Control,2021,16.55,13.65,0.67,0.64,R.Chambers,-9999,-9999
21,TS,TS/Ph1,Control,2021,10.5,15.03,0.64,0.8,R.Chambers,-9999,-9999
22,TS,TS/Ph10,Control,2021,12.84,12.5,0.42,0.45,R.Chambers,-9999,-9999
23,TS,TS/Ph10,Control,2021,18.75,12.27,0.4,0.4,R.Chambers,-9999,-9999
24,TS,TS/Ph10,Control,2021,17.15,12.15,0.28,0.35,R.Chambers,-9999,-9999
25,TS,TS/Ph11,Control,2021,12.27,12.36,0.58,0.57,R.Chambers,-9999,-9999
26,TS,TS/Ph11,Control,2021,20.21,12.52,0.69,0.55,R.Chambers,-9999,-9999
27,TS,TS/Ph11,Control,2021,13.86,12.63,0.61,0.59,R.Chambers,-9999,-9999
28,TS,TS/Ph2,Control,2021,16.61,16.67,1.02,0.95,R.Chambers,-9999,-9999
29,TS,TS/Ph2,Control,2021,7.21,16.55,0.67,0.93,R.Chambers,-9999,-9999
30,TS,TS/Ph2,Control,2021,11.74,15.41,0.57,0.76,R.Chambers,-9999,-9999
31,TS,TS/Ph3,Control,2021,6.38,16.37,0.5,0.84,R.Chambers,-9999,-9999
32,TS,TS/Ph3,Control,2021,7.15,15.65,0.42,0.77,R.Chambers,-9999,-9999
33,TS,TS/Ph3,Control,2021,14.58,15.4,0.55,0.68,R.Chambers,-9999,-9999
34,TS,TS/Ph4,Control,2021,10.25,15.36,0.49,0.71,R.Chambers,-9999,-9999
35,TS,TS/Ph4,Control,2021,8.03,14.82,0.32,0.61,R.Chambers,-9999,-9999
36,TS,TS/Ph4,Control,2021,7.76,16.46,0.66,0.91,R.Chambers,-9999,-9999
37,TS,TS/Ph5,Control,2021,9.61,17.62,0.91,0.93,R.Chambers,-9999,-9999
38,TS,TS/Ph5,Control,2021,8.37,15.65,0.5,0.73,R.Chambers,-9999,-9999
39,TS,TS/Ph5,Control,2021,12.5,14.94,0.48,0.62,R.Chambers,-9999,-9999
40,TS,TS/Ph6b,Control,2021,5.58,44.24,5.39,2.59,R.Chambers,-9999,-9999
41,TS,TS/Ph6b,Control,2021,6.73,40.43,5.35,2.94,R.Chambers,-9999,-9999
42,TS,TS/Ph6b,Control,2021,7.5,40.53,5.6,2.67,R.Chambers,-9999,-9999
43,TS,TS/Ph7b,Control,2021,16.45,22,2.31,1.04,R.Chambers,-9999,-9999
44,TS,TS/Ph7b,Control,2021,10.7,20.61,2.05,1.01,R.Chambers,-9999,-9999
45,TS,TS/Ph7b,Control,2021,12.03,21.41,2.16,1.08,R.Chambers,-9999,-9999
46,TS,TS/Ph9,Control,2021,17.12,11.22,0.21,0.31,R.Chambers,-9999,-9999
47,TS,TS/Ph9,Control,2021,17.36,11.13,0.22,0.33,R.Chambers,-9999,-9999
48,TS,TS/Ph9,Control,2021,20.14,10.25,0.16,0.28,R.Chambers,-9999,-9999
1,SRS,SRS1d,Control,2022,7.09,21.17,1.84,1.41,R.Chambers,-9999,-9999
2,SRS,SRS1d,Control,2022,9.81,20.08,1.65,1.04,R.Chambers,-9999,-9999
3,SRS,SRS1d,Control,2022,6.37,22.12,2.05,1.38,R.Chambers,-9999,-9999
4,SRS,SRS2,Control,2022,8.59,38.93,5.04,3.31,R.Chambers,-9999,-9999
5,SRS,SRS2,Control,2022,7.32,41.19,5.84,3.49,R.Chambers,-9999,-9999
6,SRS,SRS2,Control,2022,5.4,39.08,5.79,3.41,R.Chambers,-9999,-9999
7,SRS,SRS3,Control,2022,10.43,43.12,4.24,3.75,R.Chambers,-9999,-9999
8,SRS,SRS3,Control,2022,6.15,42.53,5.74,3.6,R.Chambers,-9999,-9999
9,SRS,SRS3,Control,2022,4.6,42.47,5.84,3.77,R.Chambers,-9999,-9999
10,SRS,SRS4,Control,2022,8,41.78,5.19,2.68,R.Chambers,-9999,-9999
11,SRS,SRS4,Control,2022,8.39,39.24,5.32,2.68,R.Chambers,-9999,-9999
12,SRS,SRS4,Control,2022,7.88,39.26,5.54,2.5,R.Chambers,-9999,-9999
13,SRS,SRS5,Control,2022,13.61,15.71,1.65,0.76,R.Chambers,-9999,-9999
14,SRS,SRS5,Control,2022,17.05,16.95,2.05,0.89,R.Chambers,-9999,-9999
15,SRS,SRS5,Control,2022,18.09,16.98,2.02,0.86,R.Chambers,-9999,-9999
16,SRS,SRS6,Control,2022,35.49,14.17,1.23,0.61,R.Chambers,-9999,-9999
17,SRS,SRS6,Control,2022,15.94,16.5,1.83,0.78,R.Chambers,-9999,-9999
18,SRS,SRS6,Control,2022,14.28,15.25,1.57,0.7,R.Chambers,-9999,-9999
19,TS,TS/Ph1,Control,2022,21.42,14.48,0.84,0.71,R.Chambers,-9999,-9999
20,TS,TS/Ph1,Control,2022,16.94,14.79,0.82,0.75,R.Chambers,-9999,-9999
21,TS,TS/Ph1,Control,2022,16.49,14.56,0.71,0.71,R.Chambers,-9999,-9999
22,TS,TS/Ph10,Control,2022,21.59,12.22,0.51,0.4,R.Chambers,-9999,-9999
23,TS,TS/Ph10,Control,2022,21.71,12.15,0.53,0.39,R.Chambers,-9999,-9999
24,TS,TS/Ph10,Control,2022,22.42,12.03,0.57,0.4,R.Chambers,-9999,-9999
25,TS,TS/Ph11,Control,2022,20.29,12.4,0.83,0.59,R.Chambers,-9999,-9999
26,TS,TS/Ph11,Control,2022,21.74,12.31,0.92,0.61,R.Chambers,-9999,-9999
27,TS,TS/Ph11,Control,2022,16.74,12.5,0.76,0.61,R.Chambers,-9999,-9999
28,TS,TS/Ph2,Control,2022,24.64,15.28,0.85,0.77,R.Chambers,-9999,-9999
29,TS,TS/Ph2,Control,2022,11.77,15.35,0.72,0.78,R.Chambers,-9999,-9999
30,TS,TS/Ph2,Control,2022,16.44,15.15,0.71,0.77,R.Chambers,-9999,-9999
31,TS,TS/Ph3,Control,2022,18.65,15.21,0.66,0.64,R.Chambers,-9999,-9999
32,TS,TS/Ph3,Control,2022,13.56,15.89,0.77,0.77,R.Chambers,-9999,-9999
33,TS,TS/Ph3,Control,2022,17.25,15.81,0.79,0.75,R.Chambers,-9999,-9999
34,TS,TS/Ph4,Control,2022,15.2,19.07,1.39,0.8,R.Chambers,-9999,-9999
35,TS,TS/Ph4,Control,2022,23.18,15.74,0.82,0.69,R.Chambers,-9999,-9999
36,TS,TS/Ph4,Control,2022,8.95,15.6,0.68,0.75,R.Chambers,-9999,-9999
37,TS,TS/Ph5,Control,2022,16.11,14.24,0.48,0.57,R.Chambers,-9999,-9999
38,TS,TS/Ph5,Control,2022,15.96,15.22,0.64,0.65,R.Chambers,-9999,-9999
39,TS,TS/Ph5,Control,2022,12.23,14.28,0.46,0.61,R.Chambers,-9999,-9999
40,TS,TS/Ph6b,Control,2022,9.49,36.16,4.73,2.69,R.Chambers,-9999,-9999
41,TS,TS/Ph6b,Control,2022,8.51,16.1,0.83,0.73,R.Chambers,-9999,-9999
42,TS,TS/Ph6b,Control,2022,11.35,16.73,0.99,0.72,R.Chambers,-9999,-9999
43,TS,TS/Ph7b,Control,2022,10.91,18.31,1.84,0.97,R.Chambers,-9999,-9999
44,TS,TS/Ph7b,Control,2022,15.31,17.31,1.7,0.89,R.Chambers,-9999,-9999
45,TS,TS/Ph7b,Control,2022,21.08,18.51,1.97,0.92,R.Chambers,-9999,-9999
46,TS,TS/Ph9,Control,2022,19.48,10.94,0.3,0.31,R.Chambers,-9999,-9999
47,TS,TS/Ph9,Control,2022,16.06,11.01,0.31,0.34,R.Chambers,-9999,-9999
48,TS,TS/Ph9,Control,2022,28.44,10.73,0.26,0.28,R.Chambers,-9999,-9999
